key,id,title,active,ab,type,channels,category,first_send_date,last_send_date,mobile_push_sent,mobile_push_ios_sent,mobile_push_android_sent,mobile_push_opened,mobile_push_ios_opened,mobile_push_android_opened,mobile_push_open_rate,mobile_push_ios_open_rate,mobile_push_android_open_rate,web_push_sent,web_push_delivered,web_push_opened,web_push_open_rate,inapp_sent,inapp_ios_sent,inapp_android_sent,inapp_delivered,inapp_ios_delivered,inapp_android_delivered,inapp_opened,inapp_ios_opened,inapp_android_opened,inapp_open_rate,inapp_ios_open_rate,inapp_android_open_rate,inbox_sent,inbox_delivered,inbox_opened,inbox_open_rate,inbox_clicked,inbox_click_rate,email_sent,email_failed,email_delivered,email_unsubscribed,email_complained,email_opened,email_clicked,email_open_rate,email_click_rate,sms_sent,sms_delivered,sms_clicked,sms_click_rate,sms_failed,sms_opened,sms_open_rate,rcs_sent,rcs_delivered,rcs_clicked,rcs_click_rate,rcs_failed,rcs_opened,rcs_open_rate,facebook_sent,facebook_delivered,facebook_opened,facebook_open_rate,whatsapp_sent,whatsapp_delivered,whatsapp_opened,whatsapp_open_rate,inweb_sent,inweb_delivered,inweb_opened,inweb_open_rate,app_opens_direct,actions_sent_unique,actions_converted_unique,actions_conversion,goals,goals_value,description,db_sort_index,sms_unsubscribed
0,112111698,ApiTestCampaign,1,0,"API Triggered",Email,,,,,,,,,,,,,,,,,,,,,,,,,,,,,,,,,,,0,0,0,0,0,0,0,0,0,,,,,,,,,,,,,,,,,,,,,,,,,,,,,,,,,"API Triggered: Email (17 Apr 2024 till now)",0,
1,114301455,Retention:OneMonthNoDepReactivationFirstDayEmail,1,0,"API Triggered",Email,,"2025-01-02 16:00","2026-05-12 15:00",,,,,,,,,,,,,,,,,,,,,,,,,,,,,,,,1172,18,1154,5,0,502,332,43.5,28.77,,,,,,,,,,,,,,,,,,,,,,,,,,,,,,,,,"API Triggered: Email (02 May 2024 till now)",1,
2,114304648,Retention:OneMonthNoDepReactivationSecondDaySMS,1,0,"API Triggered",SMS,,"2025-01-01 16:00","2026-05-12 15:00",,,,,,,,,,,,,,,,,,,,,,,,,,,,,,,,,,,,,,,,,851,715,0,0,126,0,0,,,,,,,,,,,,,,,,,,,,,,,,,,"API Triggered: SMS (02 May 2024 till now)",2,0
3,115308779,VIP:21DaysCashBonusFirstSms,1,0,"API Triggered",SMS,,,,,,,,,,,,,,,,,,,,,,,,,,,,,,,,,,,,,,,,,,,,0,0,0,0,0,0,0,,,,,,,,,,,,,,,,,,,,,,,,,,"API Triggered: SMS (09 May 2024 till now)",3,0
4,115313848,VIP:7DaysBonusForPlayer,1,0,"API Triggered","Email, SMS",,"2025-05-10 17:00","2025-11-06 13:00",,,,,,,,,,,,,,,,,,,,,,,,,,,,,,,,2,0,2,0,0,1,0,50,0,2,1,0,0,1,0,0,,,,,,,,,,,,,,,,,,,,,,,,,,"API Triggered: Email, SMS (09 May 2024 till now)",4,0
5,115472683,VIP:ReminderForPlayer,1,0,"API Triggered","Email, SMS",,"2025-01-14 15:00","2026-04-09 10:00",,,,,,,,,,,,,,,,,,,,,,,,,,,,,,,,85,1,84,1,0,37,14,44.05,16.67,34,28,0,0,6,0,0,,,,,,,,,,,,,,,,,,,,,,,,,,"API Triggered: Email, SMS (10 May 2024 till now)",5,0
6,115907775,VIP:CashBonusForPlayerEmail,1,0,"API Triggered","Email, SMS",,"2025-01-01 11:00","2026-05-12 12:00",,,,,,,,,,,,,,,,,,,,,,,,,,,,,,,,1474,15,1459,5,1,884,165,60.59,11.31,149,127,0,0,22,0,0,,,,,,,,,,,,,,,,,,,,,,,,,,"API Triggered: Email, SMS (13 May 2024 till now)",6,0
7,116158227,"VIP:VipClubNoManagerEmailSMSForPlayer   ",1,0,"API Triggered","Email, SMS",,"2025-01-13 14:00","2026-05-12 11:00",,,,,,,,,,,,,,,,,,,,,,,,,,,,,,,,168,2,166,3,0,106,36,63.86,21.69,162,128,0,0,32,0,0,,,,,,,,,,,,,,,,,,,,,,,,,,"API Triggered: Email, SMS (15 May 2024 till now)",7,0
8,116178954,VIP:Balance(Email/SMS),1,0,"API Triggered","Email, SMS",,"2025-02-24 18:00","2026-02-16 14:00",,,,,,,,,,,,,,,,,,,,,,,,,,,,,,,,14,0,14,0,0,5,1,35.71,7.14,10,8,0,0,0,0,0,,,,,,,,,,,,,,,,,,,,,,,,,,"API Triggered: Email, SMS (15 May 2024 till now)",8,0
9,116279896,VIP:VipClubLevel1EmailSMS,1,0,"API Triggered","Email, SMS",,"2025-01-17 10:00","2025-10-08 10:00",,,,,,,,,,,,,,,,,,,,,,,,,,,,,,,,10,0,10,0,0,5,1,50,10,8,8,0,0,0,0,0,,,,,,,,,,,,,,,,,,,,,,,,,,"API Triggered: Email, SMS (16 May 2024 till now)",9,0
10,116292551,Retention:FirstDepositFailedRetentionWith10EURFirstDayEmail,1,0,"API Triggered",Email,,"2025-01-01 16:00","2026-05-12 15:00",,,,,,,,,,,,,,,,,,,,,,,,,,,,,,,,2386,194,2192,11,0,659,399,30.06,18.2,,,,,,,,,,,,,,,,,,,,,,,,,,,,,,,,,"API Triggered: Email (16 May 2024 till now)",10,
11,116294699,"	 Retention:FirstDepositFailedRetentionWith10EURSecondDaySMS",1,0,"API Triggered",SMS,,"2025-01-01 16:00","2026-05-12 15:00",,,,,,,,,,,,,,,,,,,,,,,,,,,,,,,,,,,,,,,,,2126,1559,0,0,534,0,0,,,,,,,,,,,,,,,,,,,,,,,,,,"API Triggered: SMS (16 May 2024 till now)",11,0
12,116451686,CRM:ZeroDepActFirstEmailAfter4days,1,0,"API Triggered",Email,,,,,,,,,,,,,,,,,,,,,,,,,,,,,,,,,,,0,0,0,0,0,0,0,0,0,,,,,,,,,,,,,,,,,,,,,,,,,,,,,,,,,"API Triggered: Email (17 May 2024 till now)",12,
13,117020340,CRM:ZeroDepActSecondEmail14days,1,0,"API Triggered",Email,,,,,,,,,,,,,,,,,,,,,,,,,,,,,,,,,,,0,0,0,0,0,0,0,0,0,,,,,,,,,,,,,,,,,,,,,,,,,,,,,,,,,"API Triggered: Email (21 May 2024 till now)",13,
14,117023282,CRM:ZeroDepActThirdEmail45days,1,0,"API Triggered",Email,,,,,,,,,,,,,,,,,,,,,,,,,,,,,,,,,,,0,0,0,0,0,0,0,0,0,,,,,,,,,,,,,,,,,,,,,,,,,,,,,,,,,"API Triggered: Email (21 May 2024 till now)",14,
15,117023768,CRM:ZeroDepActFourthEmail75days,1,0,"API Triggered",Email,,,,,,,,,,,,,,,,,,,,,,,,,,,,,,,,,,,0,0,0,0,0,0,0,0,0,,,,,,,,,,,,,,,,,,,,,,,,,,,,,,,,,"API Triggered: Email (21 May 2024 till now)",15,
16,117024210,CRM:ZeroDepActFifthEmail90days,1,0,"API Triggered",Email,,,,,,,,,,,,,,,,,,,,,,,,,,,,,,,,,,,0,0,0,0,0,0,0,0,0,,,,,,,,,,,,,,,,,,,,,,,,,,,,,,,,,"API Triggered: Email (21 May 2024 till now)",16,
17,117033816,VIP:BirthdayBonusEmailSms,1,0,"API Triggered","Email, SMS",,"2025-01-11 05:00","2026-05-13 00:00",,,,,,,,,,,,,,,,,,,,,,,,,,,,,,,,218,4,214,0,0,127,38,59.35,17.76,219,150,0,0,65,0,0,,,,,,,,,,,,,,,,,,,,,,,,,,"API Triggered: Email, SMS (21 May 2024 till now)",17,0
18,117175275,Retention:15MinutesNoDepositSMS,1,0,"API Triggered",SMS,,"2025-01-01 07:00","2025-02-21 04:00",,,,,,,,,,,,,,,,,,,,,,,,,,,,,,,,,,,,,,,,,231,206,0,0,25,0,0,,,,,,,,,,,,,,,,,,,,,,,,,,"API Triggered: SMS (22 May 2024 till now)",18,0
19,117288699,Retention:OneMonthNoDepReactivationFifthDaySMSReminder,1,0,"API Triggered",SMS,,"2025-01-03 16:00","2026-05-12 15:00",,,,,,,,,,,,,,,,,,,,,,,,,,,,,,,,,,,,,,,,,594,494,0,0,94,0,0,,,,,,,,,,,,,,,,,,,,,,,,,,"API Triggered: SMS (23 May 2024 till now)",19,0
20,117293997,Retention:OneMonthNoDepReactivationDepositBonusAfterWeekEmail,1,0,"API Triggered",Email,,"2025-01-01 16:00","2026-05-12 15:00",,,,,,,,,,,,,,,,,,,,,,,,,,,,,,,,643,5,638,2,0,284,56,44.51,8.78,,,,,,,,,,,,,,,,,,,,,,,,,,,,,,,,,"API Triggered: Email (23 May 2024 till now)",20,
21,117333779,Retention:TwoMonthNoLoginReactivation25EURBonusFirstDayEmail,1,0,"API Triggered",Email,,"2025-01-02 16:00","2026-05-12 15:00",,,,,,,,,,,,,,,,,,,,,,,,,,,,,,,,1132,26,1106,9,0,354,252,32.01,22.78,,,,,,,,,,,,,,,,,,,,,,,,,,,,,,,,,"API Triggered: Email (23 May 2024 till now)",21,
22,117336634,Retention:TwoMonthNoLoginReactivation25EURBonusSecondDaySMS,1,0,"API Triggered",SMS,,"2025-01-03 16:00","2026-05-12 15:00",,,,,,,,,,,,,,,,,,,,,,,,,,,,,,,,,,,,,,,,,809,656,0,0,145,0,0,,,,,,,,,,,,,,,,,,,,,,,,,,"API Triggered: SMS (23 May 2024 till now)",22,0
23,118050442,VIP:CashBackForPlayerEmailSms,1,0,"API Triggered","Email, SMS",,"2025-01-02 10:00","2026-05-07 01:00",,,,,,,,,,,,,,,,,,,,,,,,,,,,,,,,4042,23,4019,20,0,2164,455,53.84,11.32,3918,3175,0,0,741,0,0,,,,,,,,,,,,,,,,,,,,,,,,,,"API Triggered: Email, SMS (28 May 2024 till now)",23,0
24,120054725,Retention:OneMonthNoDepReactivationNinthDaySMSReminder,1,0,"API Triggered",SMS,,"2025-01-02 16:00","2026-05-12 15:00",,,,,,,,,,,,,,,,,,,,,,,,,,,,,,,,,,,,,,,,,619,504,0,0,106,0,0,,,,,,,,,,,,,,,,,,,,,,,,,,"API Triggered: SMS (11 Jun 2024 till now)",24,0
25,120054999,Retention:OneMonthNoDepReactivationSeventhDayMailReminder,1,0,"API Triggered",Email,,"2025-01-01 16:00","2026-05-12 15:00",,,,,,,,,,,,,,,,,,,,,,,,,,,,,,,,560,9,551,7,0,147,67,26.68,12.16,,,,,,,,,,,,,,,,,,,,,,,,,,,,,,,,,"API Triggered: Email (11 Jun 2024 till now)",25,
26,120148906,VIP:21DaysCashBonusEmailSms,1,0,"API Triggered","Email, SMS",,"2025-04-29 14:00","2026-03-28 15:00",,,,,,,,,,,,,,,,,,,,,,,,,,,,,,,,8,1,7,0,0,5,3,71.43,42.86,8,4,0,0,4,0,0,,,,,,,,,,,,,,,,,,,,,,,,,,"API Triggered: Email, SMS (12 Jun 2024 till now)",26,0
27,120236635,RaivisTestCampaign,1,0,"API Triggered","Email, SMS",,,,,,,,,,,,,,,,,,,,,,,,,,,,,,,,,,,0,0,0,0,0,0,0,0,0,0,0,0,0,0,0,0,,,,,,,,,,,,,,,,,,,,,,,,,,"API Triggered: Email, SMS (17 Jun 2024 till now)",27,0
28,120397554,Retention:TwoMonthNoLoginReactivation25EURBonusFifthDaySMS,1,0,"API Triggered",SMS,,,,,,,,,,,,,,,,,,,,,,,,,,,,,,,,,,,,,,,,,,,,0,0,0,0,0,0,0,,,,,,,,,,,,,,,,,,,,,,,,,,"API Triggered: SMS (26 Jun 2024 till now)",28,0
29,120495224,Retention:PotentialVIP-Email,1,0,"API Triggered",Email,,"2025-01-02 07:00","2026-05-13 10:00",,,,,,,,,,,,,,,,,,,,,,,,,,,,,,,,573,4,569,4,0,228,97,40.07,17.05,,,,,,,,,,,,,,,,,,,,,,,,,,,,,,,,,"API Triggered: Email (01 Jul 2024 till now)",29,
30,120495230,Retention:PotentialVIP-SMS1,1,0,"API Triggered",SMS,,"2025-01-06 05:00","2026-05-12 11:00",,,,,,,,,,,,,,,,,,,,,,,,,,,,,,,,,,,,,,,,,109,84,0,0,24,0,0,,,,,,,,,,,,,,,,,,,,,,,,,,"API Triggered: SMS (01 Jul 2024 till now)",30,0
31,120495233,Retention:PotentialVIP-SMS2,1,0,"API Triggered",SMS,,"2025-01-03 07:00","2026-05-12 11:00",,,,,,,,,,,,,,,,,,,,,,,,,,,,,,,,,,,,,,,,,65,49,0,0,14,0,0,,,,,,,,,,,,,,,,,,,,,,,,,,"API Triggered: SMS (01 Jul 2024 till now)",31,0
32,120495234,Retention:PotentialVIP-SMS3,1,0,"API Triggered",SMS,,"2025-01-03 07:00","2026-05-12 11:00",,,,,,,,,,,,,,,,,,,,,,,,,,,,,,,,,,,,,,,,,70,52,0,0,17,0,0,,,,,,,,,,,,,,,,,,,,,,,,,,"API Triggered: SMS (01 Jul 2024 till now)",32,0
33,120641654,Retention:AffRetentionCheck-FirstAttempt,1,0,"API Triggered",SMS,,,,,,,,,,,,,,,,,,,,,,,,,,,,,,,,,,,,,,,,,,,,0,0,0,0,0,0,0,,,,,,,,,,,,,,,,,,,,,,,,,,"API Triggered: SMS (09 Jul 2024 till now)",33,0
34,120641656,Retention:AffRetentionCheck-ThirdAttempt,1,0,"API Triggered",SMS,,,,,,,,,,,,,,,,,,,,,,,,,,,,,,,,,,,,,,,,,,,,0,0,0,0,0,0,0,,,,,,,,,,,,,,,,,,,,,,,,,,"API Triggered: SMS (09 Jul 2024 till now)",34,0
35,120641769,Retention:AffRetentionCheck-SecondAttempt,1,0,"API Triggered",Email,,"2025-03-12 10:00","2025-03-25 09:00",,,,,,,,,,,,,,,,,,,,,,,,,,,,,,,,131,5,126,0,0,24,19,19.05,15.08,,,,,,,,,,,,,,,,,,,,,,,,,,,,,,,,,"API Triggered: Email (09 Jul 2024 till now)",35,
36,120678660,Retention:TwoMonthNoLoginReactivation25EURBonusSixthDayEmail,1,0,"API Triggered",Email,,,,,,,,,,,,,,,,,,,,,,,,,,,,,,,,,,,0,0,0,0,0,0,0,0,0,,,,,,,,,,,,,,,,,,,,,,,,,,,,,,,,,"API Triggered: Email (11 Jul 2024 till now)",36,
37,120681425,BotTestCampaign,1,0,"API Triggered",Email,,,,,,,,,,,,,,,,,,,,,,,,,,,,,,,,,,,0,0,0,0,0,0,0,0,0,,,,,,,,,,,,,,,,,,,,,,,,,,,,,,,,,"API Triggered: Email (11 Jul 2024 till now)",37,
38,120700105,Retention:TwoMonthNoLoginReactivation25EURBonusNinthDaySMS,1,0,"API Triggered",SMS,,,,,,,,,,,,,,,,,,,,,,,,,,,,,,,,,,,,,,,,,,,,0,0,0,0,0,0,0,,,,,,,,,,,,,,,,,,,,,,,,,,"API Triggered: SMS (12 Jul 2024 till now)",38,0
39,120790498,Retention:OneMonthNoDepReactivationFinalEmail,1,0,"API Triggered",Email,,,,,,,,,,,,,,,,,,,,,,,,,,,,,,,,,,,0,0,0,0,0,0,0,0,0,,,,,,,,,,,,,,,,,,,,,,,,,,,,,,,,,"API Triggered: Email (17 Jul 2024 till now)",39,
40,120935192,Retention:BirthdaySMS2day,1,0,"API Triggered",SMS,,"2025-01-01 10:00","2026-05-13 09:00",,,,,,,,,,,,,,,,,,,,,,,,,,,,,,,,,,,,,,,,,8662,6807,0,0,1749,0,0,,,,,,,,,,,,,,,,,,,,,,,,,,"API Triggered: SMS (25 Jul 2024 till now)",40,0
41,120935230,Retention:BirthdayFirstDayCash,1,0,"API Triggered",Email,,"2025-01-01 10:00","2026-05-13 09:00",,,,,,,,,,,,,,,,,,,,,,,,,,,,,,,,3560,59,3501,13,0,1438,938,41.07,26.79,,,,,,,,,,,,,,,,,,,,,,,,,,,,,,,,,"API Triggered: Email (25 Jul 2024 till now)",41,
42,120935249,Retention:BirthdayFirstDayFreeSpins,1,0,"API Triggered",Email,,"2025-01-01 10:00","2026-05-13 09:00",,,,,,,,,,,,,,,,,,,,,,,,,,,,,,,,7690,185,7505,13,1,2627,1695,35,22.58,,,,,,,,,,,,,,,,,,,,,,,,,,,,,,,,,"API Triggered: Email (25 Jul 2024 till now)",42,
43,120935334,Retention:BirthdayFirstDayDepositBonus,1,0,"API Triggered",Email,,,,,,,,,,,,,,,,,,,,,,,,,,,,,,,,,,,0,0,0,0,0,0,0,0,0,,,,,,,,,,,,,,,,,,,,,,,,,,,,,,,,,"API Triggered: Email (25 Jul 2024 till now)",43,
44,121022405,VIP:TVIPWelcomeCashBonuses,1,0,"API Triggered","Email, SMS",,,,,,,,,,,,,,,,,,,,,,,,,,,,,,,,,,,0,0,0,0,0,0,0,0,0,0,0,0,0,0,0,0,,,,,,,,,,,,,,,,,,,,,,,,,,"API Triggered: Email, SMS (30 Jul 2024 till now)",44,0
45,121040457,"2.1 VIP:TVIPReminderAboutNextBonus",1,0,"API Triggered","Email, SMS",,,,,,,,,,,,,,,,,,,,,,,,,,,,,,,,,,,0,0,0,0,0,0,0,0,0,0,0,0,0,0,0,0,,,,,,,,,,,,,,,,,,,,,,,,,,"API Triggered: Email, SMS (31 Jul 2024 till now)",45,0
46,121139037,"2.2 VIP:TVIPReminderAboutSTILLAvailableBonus",1,0,"API Triggered","Email, SMS",,,,,,,,,,,,,,,,,,,,,,,,,,,,,,,,,,,0,0,0,0,0,0,0,0,0,0,0,0,0,0,0,0,,,,,,,,,,,,,,,,,,,,,,,,,,"API Triggered: Email, SMS (06 Aug 2024 till now)",46,0
47,121157530," Retention:TwoMonthLoginReactivationBonusEighthDayEmail",1,0,"API Triggered",Email,,,,,,,,,,,,,,,,,,,,,,,,,,,,,,,,,,,0,0,0,0,0,0,0,0,0,,,,,,,,,,,,,,,,,,,,,,,,,,,,,,,,,"API Triggered: Email (07 Aug 2024 till now)",47,
48,121579981,Retention:TwoMonthLoginReactivationBonusNoDepEleventhDaySMS,1,0,"API Triggered",SMS,,,,,,,,,,,,,,,,,,,,,,,,,,,,,,,,,,,,,,,,,,,,0,0,0,0,0,0,0,,,,,,,,,,,,,,,,,,,,,,,,,,"API Triggered: SMS (02 Sep 2024 till now)",48,0
49,121616031,ArturTestCampaign,1,0,"API Triggered","Email, SMS",,,,,,,,,,,,,,,,,,,,,,,,,,,,,,,,,,,0,0,0,0,0,0,0,0,0,0,0,0,0,0,0,0,,,,,,,,,,,,,,,,,,,,,,,,,,"API Triggered: Email, SMS (04 Sep 2024 till now)",49,0
50,121626522,Support:WelcomeBackBonusCase,1,0,"API Triggered",Email,,"2025-01-02 05:00","2026-05-12 06:00",,,,,,,,,,,,,,,,,,,,,,,,,,,,,,,,475,1,474,7,0,234,149,49.37,31.43,,,,,,,,,,,,,,,,,,,,,,,,,,,,,,,,,"API Triggered: Email (11 Sep 2024 till now)",50,
51,121628416,Support:WelcomeBackBalanceCase,1,0,"API Triggered",Email,,"2025-01-02 05:00","2026-05-09 04:00",,,,,,,,,,,,,,,,,,,,,,,,,,,,,,,,249,3,246,2,0,122,66,49.59,26.83,,,,,,,,,,,,,,,,,,,,,,,,,,,,,,,,,"API Triggered: Email (09 Sep 2024 till now)",51,
52,121709177,SMS50SpinsSMM,1,0,"API Triggered",SMS,,,,,,,,,,,,,,,,,,,,,,,,,,,,,,,,,,,,,,,,,,,,0,0,0,0,0,0,0,,,,,,,,,,,,,,,,,,,,,,,,,,"API Triggered: SMS (10 Sep 2024 till now)",52,0
53,121724153,NewSMMsendoutFreeSpins,1,0,"API Triggered",SMS,,,,,,,,,,,,,,,,,,,,,,,,,,,,,,,,,,,,,,,,,,,,0,0,0,0,0,0,0,,,,,,,,,,,,,,,,,,,,,,,,,,"API Triggered: SMS (11 Sep 2024 till now)",53,0
54,121739505,Retention:TwoMonthNoLoginReactivation25EURBonusEleventhDayEmail,1,0,"API Triggered",Email,,,,,,,,,,,,,,,,,,,,,,,,,,,,,,,,,,,0,0,0,0,0,0,0,0,0,,,,,,,,,,,,,,,,,,,,,,,,,,,,,,,,,"API Triggered: Email (12 Sep 2024 till now)",54,
55,121739550,Retention:TwoMonthNoLoginReactivationStandartBonusthFourteenthDayEmail,1,0,"API Triggered",Email,,,,,,,,,,,,,,,,,,,,,,,,,,,,,,,,,,,0,0,0,0,0,0,0,0,0,,,,,,,,,,,,,,,,,,,,,,,,,,,,,,,,,"API Triggered: Email (12 Sep 2024 till now)",55,
56,121753661,VIP:DepositBonusForPlayer,1,0,"API Triggered","Email, SMS",,"2025-10-14 10:00","2025-10-17 08:00",,,,,,,,,,,,,,,,,,,,,,,,,,,,,,,,13,0,13,0,0,9,0,69.23,0,13,11,0,0,2,0,0,,,,,,,,,,,,,,,,,,,,,,,,,,"API Triggered: Email, SMS (13 Sep 2024 till now)",56,0
57,121795758,Retention:BonusSMS,1,0,"API Triggered",SMS,,"2025-01-20 14:00","2026-05-08 07:00",,,,,,,,,,,,,,,,,,,,,,,,,,,,,,,,,,,,,,,,,25,24,0,0,1,0,0,,,,,,,,,,,,,,,,,,,,,,,,,,"API Triggered: SMS (16 Sep 2024 till now)",57,0
58,121954390,Retention:SixMonthsNoActivitySMS,1,0,"API Triggered",SMS,,"2025-01-01 16:00","2026-05-07 14:00",,,,,,,,,,,,,,,,,,,,,,,,,,,,,,,,,,,,,,,,,196,133,0,0,62,0,0,,,,,,,,,,,,,,,,,,,,,,,,,,"API Triggered: SMS (26 Sep 2024 till now)",58,0
59,121955982,Retention:SixMonthsNoActivityEmail,1,0,"API Triggered",Email,,"2025-01-01 16:00","2026-05-06 14:00",,,,,,,,,,,,,,,,,,,,,,,,,,,,,,,,263,5,258,1,0,108,70,41.86,27.13,,,,,,,,,,,,,,,,,,,,,,,,,,,,,,,,,"API Triggered: Email (26 Sep 2024 till now)",59,
60,122365039,Retention:SixMonthsNoActivityCashBonusSMS5thDay,1,0,"API Triggered",SMS,,"2025-01-04 16:00","2026-05-10 14:00",,,,,,,,,,,,,,,,,,,,,,,,,,,,,,,,,,,,,,,,,166,110,0,0,53,0,0,,,,,,,,,,,,,,,,,,,,,,,,,,"API Triggered: SMS (22 Oct 2024 till now)",60,0
61,122372184,Retention:SixMonthsNoActivityNoDepositEmail4thday,1,0,"API Triggered",Email,,"2025-01-02 16:00","2026-05-09 14:00",,,,,,,,,,,,,,,,,,,,,,,,,,,,,,,,121,2,119,1,0,89,25,74.79,21.01,,,,,,,,,,,,,,,,,,,,,,,,,,,,,,,,,"API Triggered: Email (22 Oct 2024 till now)",61,
62,122463169,Retention:SixMonthsNoActivityNoDepositSMS6thday,1,0,"API Triggered",SMS,,"2025-01-01 16:00","2026-05-11 14:00",,,,,,,,,,,,,,,,,,,,,,,,,,,,,,,,,,,,,,,,,101,64,0,0,37,0,0,,,,,,,,,,,,,,,,,,,,,,,,,,"API Triggered: SMS (28 Oct 2024 till now)",62,0
63,122463432,Retention:SendOutTrustpilot,1,0,"API Triggered",Email,,,,,,,,,,,,,,,,,,,,,,,,,,,,,,,,,,,0,0,0,0,0,0,0,0,0,,,,,,,,,,,,,,,,,,,,,,,,,,,,,,,,,"API Triggered: Email (28 Oct 2024 till now)",63,
64,122492685,TIkTokPolDep,1,0,"API Triggered",Email,,,,,,,,,,,,,,,,,,,,,,,,,,,,,,,,,,,0,0,0,0,0,0,0,0,0,,,,,,,,,,,,,,,,,,,,,,,,,,,,,,,,,"API Triggered: Email (30 Oct 2024 till now)",64,
65,122503533,TIkTokPolNoDep,1,0,"API Triggered",Email,,,,,,,,,,,,,,,,,,,,,,,,,,,,,,,,,,,0,0,0,0,0,0,0,0,0,,,,,,,,,,,,,,,,,,,,,,,,,,,,,,,,,"API Triggered: Email (31 Oct 2024 till now)",65,
66,122932100,"Retention: FirstDepositFailedRetentionWith20EUR1stDayEmail",1,0,"API Triggered",Email,,,,,,,,,,,,,,,,,,,,,,,,,,,,,,,,,,,0,0,0,0,0,0,0,0,0,,,,,,,,,,,,,,,,,,,,,,,,,,,,,,,,,"API Triggered: Email (27 Nov 2024 till now)",66,
67,122932106,"Retention: FirstDepositFailedRetentionWith20EUR2ndDaySMS",1,0,"API Triggered",SMS,,,,,,,,,,,,,,,,,,,,,,,,,,,,,,,,,,,,,,,,,,,,0,0,0,0,0,0,0,,,,,,,,,,,,,,,,,,,,,,,,,,"API Triggered: SMS (27 Nov 2024 till now)",67,0
68,122932119,"Retention: FirstDepositFailedRetentionWith10EUR5thDayEmail",1,0,"API Triggered",Email,,,,,,,,,,,,,,,,,,,,,,,,,,,,,,,,,,,0,0,0,0,0,0,0,0,0,,,,,,,,,,,,,,,,,,,,,,,,,,,,,,,,,"API Triggered: Email (27 Nov 2024 till now)",68,
69,122952404,"VIP:CashBonusForPlayerEmailSms (SECOND VERSION)",1,0,"API Triggered","Email, SMS",,"2025-01-04 06:00","2025-07-28 08:00",,,,,,,,,,,,,,,,,,,,,,,,,,,,,,,,374,1,373,3,0,262,107,70.24,28.69,227,172,0,0,55,0,0,,,,,,,,,,,,,,,,,,,,,,,,,,"API Triggered: Email, SMS (28 Nov 2024 till now)",69,0
70,123008957,sms_advent,1,0,"API Triggered",SMS,,,,,,,,,,,,,,,,,,,,,,,,,,,,,,,,,,,,,,,,,,,,0,0,0,0,0,0,0,,,,,,,,,,,,,,,,,,,,,,,,,,"API Triggered: SMS (02 Dec 2024 till now)",70,0
71,123015240,AlekseyTest,1,0,"API Triggered","Email, SMS",,,,,,,,,,,,,,,,,,,,,,,,,,,,,,,,,,,0,0,0,0,0,0,0,0,0,0,0,0,0,0,0,0,,,,,,,,,,,,,,,,,,,,,,,,,,"API Triggered: Email, SMS (02 Dec 2024 till now)",71,0
72,123221699,Vip:TellAFriendEmail,1,0,"API Triggered",Email,,,,,,,,,,,,,,,,,,,,,,,,,,,,,,,,,,,0,0,0,0,0,0,0,0,0,,,,,,,,,,,,,,,,,,,,,,,,,,,,,,,,,"API Triggered: Email (15 Dec 2024 till now)",72,
73,123263600,VIP:FirstSummerBonusEmailSms,1,0,"API Triggered","Email, SMS",,"2025-07-02 07:00","2025-07-02 07:00",,,,,,,,,,,,,,,,,,,,,,,,,,,,,,,,14,0,14,0,0,11,3,78.57,21.43,0,0,0,0,0,0,0,,,,,,,,,,,,,,,,,,,,,,,,,,"API Triggered: Email, SMS (17 Dec 2024 till now)",73,0
74,123263606,VIP:NextSummerBonusEmailSms,1,0,"API Triggered","Email, SMS",,"2025-07-09 12:00","2025-07-23 08:00",,,,,,,,,,,,,,,,,,,,,,,,,,,,,,,,44,1,43,0,0,32,6,74.42,13.95,15,11,0,0,4,0,0,,,,,,,,,,,,,,,,,,,,,,,,,,"API Triggered: Email, SMS (17 Dec 2024 till now)",74,0
75,123542665,VIP:NoCashBonusAvaliabeEmail,1,0,"API Triggered",Email,,"2025-01-27 13:00","2026-05-08 13:00",,,,,,,,,,,,,,,,,,,,,,,,,,,,,,,,150,1,149,1,0,108,34,72.48,22.82,,,,,,,,,,,,,,,,,,,,,,,,,,,,,,,,,"API Triggered: Email (04 Jan 2025 till now)",75,
76,125292345,SmsBotCampaign,1,0,"API Triggered",SMS,,"2025-04-24 15:00","2026-03-03 12:00",,,,,,,,,,,,,,,,,,,,,,,,,,,,,,,,,,,,,,,,,461,362,0,0,93,0,0,,,,,,,,,,,,,,,,,,,,,,,,,,"API Triggered: SMS (24 Apr 2025 till now)",76,0
77,125304395,TrustPilotSMSremainder,1,0,"API Triggered",SMS,,"2025-04-29 15:00","2026-05-12 18:00",,,,,,,,,,,,,,,,,,,,,,,,,,,,,,,,,,,,,,,,,2585,2021,0,0,520,0,0,,,,,,,,,,,,,,,,,,,,,,,,,,"API Triggered: SMS (25 Apr 2025 till now)",77,0
78,125304625,TrustPilotNo72hdepMail,1,0,"API Triggered",Email,,"2025-04-29 15:00","2026-05-12 19:00",,,,,,,,,,,,,,,,,,,,,,,,,,,,,,,,3577,161,3416,7,0,1493,1314,43.71,38.47,,,,,,,,,,,,,,,,,,,,,,,,,,,,,,,,,"API Triggered: Email (25 Apr 2025 till now)",78,
79,125376770,Retention:LastLoginWithoutDep,1,0,"API Triggered",Email,,"2025-05-08 14:00","2026-05-13 03:00",,,,,,,,,,,,,,,,,,,,,,,,,,,,,,,,5472,120,5352,30,0,3417,1168,63.85,21.82,,,,,,,,,,,,,,,,,,,,,,,,,,,,,,,,,"API Triggered: Email (30 Apr 2025 till now)",79,
80,125376817,Retention:LastLoginWithoutDepRemainder,1,0,"API Triggered",SMS,,"2025-05-08 14:00","2025-05-09 11:00",,,,,,,,,,,,,,,,,,,,,,,,,,,,,,,,,,,,,,,,,2,2,0,0,0,0,0,,,,,,,,,,,,,,,,,,,,,,,,,,"API Triggered: SMS (30 Apr 2025 till now)",80,0
81,125882124,Retention:PositiveEXPemail+SMS,1,0,"API Triggered","Email, SMS",,"2025-06-20 16:00","2026-05-12 17:00",,,,,,,,,,,,,,,,,,,,,,,,,,,,,,,,474,12,462,4,0,208,50,45.02,10.82,460,359,0,0,88,0,0,,,,,,,,,,,,,,,,,,,,,,,,,,"API Triggered: Email, SMS (03 Jun 2025 till now)",81,0
82,125882128,Retention:PositiveEXPsms,1,0,"API Triggered",SMS,,,,,,,,,,,,,,,,,,,,,,,,,,,,,,,,,,,,,,,,,,,,0,0,0,0,0,0,0,,,,,,,,,,,,,,,,,,,,,,,,,,"API Triggered: SMS (03 Jun 2025 till now)",82,0
83,125882845,RSreact_20FS,1,0,"API Triggered",Email,,"2025-06-03 10:00","2025-07-01 14:00",,,,,,,,,,,,,,,,,,,,,,,,,,,,,,,,1870,82,1788,8,0,532,220,29.75,12.3,,,,,,,,,,,,,,,,,,,,,,,,,,,,,,,,,"API Triggered: Email (03 Jun 2025 till now)",83,
84,125971133,VIP:LastSummerBonusEmailSms,1,0,"API Triggered","Email, SMS",,"2025-07-30 06:00","2025-07-30 06:00",,,,,,,,,,,,,,,,,,,,,,,,,,,,,,,,13,0,13,0,0,11,2,84.62,15.38,13,12,0,0,1,0,0,,,,,,,,,,,,,,,,,,,,,,,,,,"API Triggered: Email, SMS (10 Jun 2025 till now)",84,0
85,126016797,"Transfer: ToRoyspinsEmailSms",1,0,"API Triggered","Email, SMS",,"2025-07-02 10:00","2026-05-11 01:00",,,,,,,,,,,,,,,,,,,,,,,,,,,,,,,,38964,2954,36010,217,2,4602,1018,12.78,2.83,13596,10703,0,0,2137,0,0,,,,,,,,,,,,,,,,,,,,,,,,,,"API Triggered: Email, SMS (13 Jun 2025 till now)",85,0
86,126016925,"1.1 VIP:TransferToRoyspinsReminderAboutNextAvailableBonus",1,0,"API Triggered","Email, SMS",,"2025-07-13 12:00","2026-05-13 10:00",,,,,,,,,,,,,,,,,,,,,,,,,,,,,,,,4072,25,4047,44,0,1859,1143,45.94,28.24,3948,2927,0,0,1011,0,0,,,,,,,,,,,,,,,,,,,,,,,,,,"API Triggered: Email, SMS (13 Jun 2025 till now)",86,0
87,126017017,"1.2 VIP:TransferToRoyspinsInformingAboutFirstAvailableBonus ",1,0,"API Triggered","Email, SMS",,"2025-07-02 13:00","2026-05-11 20:00",,,,,,,,,,,,,,,,,,,,,,,,,,,,,,,,641,4,637,13,0,303,217,47.57,34.07,630,511,0,0,114,0,0,,,,,,,,,,,,,,,,,,,,,,,,,,"API Triggered: Email, SMS (13 Jun 2025 till now)",87,0
88,126080059,RS_EvoDE_1,1,0,"API Triggered",Email,,,,,,,,,,,,,,,,,,,,,,,,,,,,,,,,,,,0,0,0,0,0,0,0,0,0,,,,,,,,,,,,,,,,,,,,,,,,,,,,,,,,,"API Triggered: Email (17 Jun 2025 till now)",88,
89,126727398,RSreact_20FS_FI,1,0,"API Triggered",Email,,"2025-07-24 12:00","2025-07-31 10:00",,,,,,,,,,,,,,,,,,,,,,,,,,,,,,,,12422,541,11881,35,0,4431,2366,37.29,19.91,,,,,,,,,,,,,,,,,,,,,,,,,,,,,,,,,"API Triggered: Email (24 Jul 2025 till now)",89,
90,126774204,VIP:TestTransferToRoyspins,1,0,"API Triggered","Email, SMS",,"2025-07-27 07:00","2025-10-05 07:00",,,,,,,,,,,,,,,,,,,,,,,,,,,,,,,,1459,95,1364,12,0,259,31,18.99,2.27,741,605,0,0,136,0,0,,,,,,,,,,,,,,,,,,,,,,,,,,"API Triggered: Email, SMS (27 Jul 2025 till now)",90,0
91,126793204,ROYsendoutTP,1,0,"API Triggered",Email,,"2025-07-28 11:00","2025-07-29 12:00",,,,,,,,,,,,,,,,,,,,,,,,,,,,,,,,179,10,169,1,0,30,9,17.75,5.33,,,,,,,,,,,,,,,,,,,,,,,,,,,,,,,,,"API Triggered: Email (28 Jul 2025 till now)",91,
92,126924305,VIP:FreeBetDigitainBonus,1,0,"API Triggered",Email,,,,,,,,,,,,,,,,,,,,,,,,,,,,,,,,,,,0,0,0,0,0,0,0,0,0,,,,,,,,,,,,,,,,,,,,,,,,,,,,,,,,,"API Triggered: Email (06 Aug 2025 till now)",92,
93,126944568,Frebet10EUR,1,0,"API Triggered",Email,,"2025-08-07 11:00","2025-08-07 11:00",,,,,,,,,,,,,,,,,,,,,,,,,,,,,,,,331,4,327,1,0,145,67,44.34,20.49,,,,,,,,,,,,,,,,,,,,,,,,,,,,,,,,,"API Triggered: Email (07 Aug 2025 till now)",93,
94,127022275,VIP:NewLoyaltyEmailSms,1,0,"API Triggered","Email, SMS",,"2025-08-12 12:00","2025-10-08 10:00",,,,,,,,,,,,,,,,,,,,,,,,,,,,,,,,206,3,203,0,0,139,41,68.47,20.2,208,159,0,0,49,0,0,,,,,,,,,,,,,,,,,,,,,,,,,,"API Triggered: Email, SMS (12 Aug 2025 till now)",94,0
95,127125860,VIP:YouAreSuperVIPEmail,1,0,"API Triggered",Email,,"2025-08-18 10:00","2026-03-13 06:00",,,,,,,,,,,,,,,,,,,,,,,,,,,,,,,,18,0,18,0,0,14,2,77.78,11.11,,,,,,,,,,,,,,,,,,,,,,,,,,,,,,,,,"API Triggered: Email (18 Aug 2025 till now)",95,
96,127262293,VIP:TransferReactivationFSEmailSms,1,0,"API Triggered","Email, SMS",,"2025-08-26 10:00","2026-03-10 11:00",,,,,,,,,,,,,,,,,,,,,,,,,,,,,,,,215,6,209,3,0,133,30,63.64,14.35,219,194,0,0,22,0,0,,,,,,,,,,,,,,,,,,,,,,,,,,"API Triggered: Email, SMS (26 Aug 2025 till now)",96,0
97,127301312," VIP:x5WagerSeptemberDepositBonusEmailSms ",1,0,"API Triggered","Email, SMS",,"2025-09-01 11:00","2025-09-01 11:00",,,,,,,,,,,,,,,,,,,,,,,,,,,,,,,,19,2,17,0,0,14,1,82.35,5.88,18,14,0,0,4,0,0,,,,,,,,,,,,,,,,,,,,,,,,,,"API Triggered: Email, SMS (28 Aug 2025 till now)",97,0
98,127301361," VIP:x15WagerSeptemberDepositBonusEmailSms",1,0,"API Triggered","Email, SMS",,"2025-09-01 11:00","2025-09-01 11:00",,,,,,,,,,,,,,,,,,,,,,,,,,,,,,,,13,0,13,1,0,9,3,69.23,23.08,13,13,0,0,0,0,0,,,,,,,,,,,,,,,,,,,,,,,,,,"API Triggered: Email, SMS (28 Aug 2025 till now)",98,0
99,127627064,"VIP: SuperVIP30dActiveEmail",1,0,"API Triggered",Email,,"2025-09-17 07:00","2026-03-23 16:00",,,,,,,,,,,,,,,,,,,,,,,,,,,,,,,,27,0,27,0,0,22,2,81.48,7.41,,,,,,,,,,,,,,,,,,,,,,,,,,,,,,,,,"API Triggered: Email (16 Sep 2025 till now)",99,
100,127628907,"VIP: SuperVIP30dDropEmail",1,0,"API Triggered",Email,,"2025-09-17 07:00","2026-04-13 06:00",,,,,,,,,,,,,,,,,,,,,,,,,,,,,,,,18,0,18,0,0,16,6,88.89,33.33,,,,,,,,,,,,,,,,,,,,,,,,,,,,,,,,,"API Triggered: Email (16 Sep 2025 till now)",100,
101,127656663,Retention:ActivePlayersMail1,1,0,"API Triggered",Email,,,,,,,,,,,,,,,,,,,,,,,,,,,,,,,,,,,0,0,0,0,0,0,0,0,0,,,,,,,,,,,,,,,,,,,,,,,,,,,,,,,,,"API Triggered: Email (18 Sep 2025 till now)",101,
102,127656767,Retention:ActivePlayersMail2,1,0,"API Triggered",Email,,,,,,,,,,,,,,,,,,,,,,,,,,,,,,,,,,,0,0,0,0,0,0,0,0,0,,,,,,,,,,,,,,,,,,,,,,,,,,,,,,,,,"API Triggered: Email (18 Sep 2025 till now)",102,
103,127656812,Retention:ActivePlayersMail3,1,0,"API Triggered",Email,,"2025-10-16 19:00","2026-05-13 11:00",,,,,,,,,,,,,,,,,,,,,,,,,,,,,,,,4093,30,4063,7,0,2367,1318,58.26,32.44,,,,,,,,,,,,,,,,,,,,,,,,,,,,,,,,,"API Triggered: Email (18 Sep 2025 till now)",103,
104,127659812,TEST_API,1,0,"API Triggered",Email,,"2025-09-18 07:00","2026-05-07 11:00",,,,,,,,,,,,,,,,,,,,,,,,,,,,,,,,168,0,168,0,0,125,13,74.4,7.74,,,,,,,,,,,,,,,,,,,,,,,,,,,,,,,,,"API Triggered: Email (18 Sep 2025 till now)",104,
105,127765344,"TEST_API Copy",1,0,"API Triggered",Email,,,,,,,,,,,,,,,,,,,,,,,,,,,,,,,,,,,0,0,0,0,0,0,0,0,0,,,,,,,,,,,,,,,,,,,,,,,,,,,,,,,,,"API Triggered: Email (24 Sep 2025 till now)",105,
106,127786667,VIP:VipClubLevel2EmailSMS,1,0,"API Triggered","Email, SMS",,,,,,,,,,,,,,,,,,,,,,,,,,,,,,,,,,,0,0,0,0,0,0,0,0,0,0,0,0,0,0,0,0,,,,,,,,,,,,,,,,,,,,,,,,,,"API Triggered: Email, SMS (25 Sep 2025 till now)",106,0
107,127786682,VIP:VipClubLevel3EmailSMS,1,0,"API Triggered","Email, SMS",,,,,,,,,,,,,,,,,,,,,,,,,,,,,,,,,,,0,0,0,0,0,0,0,0,0,0,0,0,0,0,0,0,,,,,,,,,,,,,,,,,,,,,,,,,,"API Triggered: Email, SMS (25 Sep 2025 till now)",107,0
108,127862418,OktoberFest10FSSendOut,1,0,"API Triggered",Email,,"2025-10-01 08:00","2025-10-01 08:00",,,,,,,,,,,,,,,,,,,,,,,,,,,,,,,,1175,34,1141,7,0,383,126,33.57,11.04,,,,,,,,,,,,,,,,,,,,,,,,,,,,,,,,,"API Triggered: Email (30 Sep 2025 till now)",108,
109,127862449,OktoberFest30FSSendOut,1,0,"API Triggered",Email,,"2025-10-01 08:00","2025-10-01 08:00",,,,,,,,,,,,,,,,,,,,,,,,,,,,,,,,430,14,416,2,0,132,45,31.73,10.82,,,,,,,,,,,,,,,,,,,,,,,,,,,,,,,,,"API Triggered: Email (30 Sep 2025 till now)",109,
110,127862515,OktoberFest50FSSendOut,1,0,"API Triggered",Email,,"2025-10-01 08:00","2025-10-01 08:00",,,,,,,,,,,,,,,,,,,,,,,,,,,,,,,,179,4,175,1,0,61,33,34.86,18.86,,,,,,,,,,,,,,,,,,,,,,,,,,,,,,,,,"API Triggered: Email (30 Sep 2025 till now)",110,
111,127862524,OktoberFest100FSSendOut,1,0,"API Triggered",Email,,"2025-10-01 08:00","2025-10-01 08:00",,,,,,,,,,,,,,,,,,,,,,,,,,,,,,,,56,1,55,1,0,21,8,38.18,14.55,,,,,,,,,,,,,,,,,,,,,,,,,,,,,,,,,"API Triggered: Email (30 Sep 2025 till now)",111,
112,127864720,"VIP: SuperVIPExtendedEmail",1,0,"API Triggered",Email,,"2025-10-17 11:00","2026-05-06 13:00",,,,,,,,,,,,,,,,,,,,,,,,,,,,,,,,22,0,22,0,0,18,5,81.82,22.73,,,,,,,,,,,,,,,,,,,,,,,,,,,,,,,,,"API Triggered: Email (30 Sep 2025 till now)",112,
113,128002988,SBRSeuqualificationFIvsLT(09.10),1,0,"API Triggered",Email,,"2025-10-09 08:00","2025-10-09 08:00",,,,,,,,,,,,,,,,,,,,,,,,,,,,,,,,828,8,820,1,0,166,13,20.24,1.59,,,,,,,,,,,,,,,,,,,,,,,,,,,,,,,,,"API Triggered: Email (08 Oct 2025 till now)",113,
114,128003164,SBRSeuqualificationCZvsCR(09.10),1,0,"API Triggered",Email,,"2025-10-09 09:00","2025-10-09 09:00",,,,,,,,,,,,,,,,,,,,,,,,,,,,,,,,136,4,132,0,0,27,2,20.45,1.52,,,,,,,,,,,,,,,,,,,,,,,,,,,,,,,,,"API Triggered: Email (08 Oct 2025 till now)",114,
115,128003190,SBRSeuqualificationGEvsLU(10.10),1,0,"API Triggered",Email,,"2025-10-10 09:00","2025-10-10 09:00",,,,,,,,,,,,,,,,,,,,,,,,,,,,,,,,416,8,408,1,0,51,8,12.5,1.96,,,,,,,,,,,,,,,,,,,,,,,,,,,,,,,,,"API Triggered: Email (08 Oct 2025 till now)",115,
116,128003202,SBRSeuqualificationSEvsCH(10.10),1,0,"API Triggered",Email,,"2025-10-10 09:00","2025-10-10 09:00",,,,,,,,,,,,,,,,,,,,,,,,,,,,,,,,363,4,359,1,0,65,7,18.11,1.95,,,,,,,,,,,,,,,,,,,,,,,,,,,,,,,,,"API Triggered: Email (08 Oct 2025 till now)",116,
117,128003216,SBRSeuqualificationPTvsIE(11.10),1,0,"API Triggered",Email,,"2025-10-11 06:00","2025-10-11 06:00",,,,,,,,,,,,,,,,,,,,,,,,,,,,,,,,941,16,925,4,0,90,17,9.73,1.84,,,,,,,,,,,,,,,,,,,,,,,,,,,,,,,,,"API Triggered: Email (08 Oct 2025 till now)",117,
118,128093236,"Retention-auto telegram bonus send",1,0,"API Triggered",Email,,,,,,,,,,,,,,,,,,,,,,,,,,,,,,,,,,,0,0,0,0,0,0,0,0,0,,,,,,,,,,,,,,,,,,,,,,,,,,,,,,,,,"API Triggered: Email (13 Oct 2025 till now)",118,
119,128093250,"Retention-auto telegram send",1,0,"API Triggered",Email,,,,,,,,,,,,,,,,,,,,,,,,,,,,,,,,,,,0,0,0,0,0,0,0,0,0,,,,,,,,,,,,,,,,,,,,,,,,,,,,,,,,,"API Triggered: Email (13 Oct 2025 till now)",119,
120,128153627,"VIP: SuperVIPEndEmail",1,0,"API Triggered",Email,,"2025-10-17 11:00","2026-05-12 07:00",,,,,,,,,,,,,,,,,,,,,,,,,,,,,,,,11,0,11,0,0,8,2,72.73,18.18,,,,,,,,,,,,,,,,,,,,,,,,,,,,,,,,,"API Triggered: Email (16 Oct 2025 till now)",120,
121,128166847,SBSendoutGEBayernXdort(18.10),1,0,"API Triggered",Email,,"2025-10-18 07:00","2025-10-18 07:00",,,,,,,,,,,,,,,,,,,,,,,,,,,,,,,,402,10,392,0,0,95,4,24.23,1.02,,,,,,,,,,,,,,,,,,,,,,,,,,,,,,,,,"API Triggered: Email (17 Oct 2025 till now)",121,
122,128239102,VIP:ReactivationReminderForPlayer,1,0,"API Triggered","Email, SMS",,"2025-10-21 12:00","2026-04-22 12:00",,,,,,,,,,,,,,,,,,,,,,,,,,,,,,,,120,0,120,0,0,71,29,59.17,24.17,125,92,0,0,32,0,0,,,,,,,,,,,,,,,,,,,,,,,,,,"API Triggered: Email, SMS (21 Oct 2025 till now)",122,0
123,128295101,VIP:HalloweenPromotionEmailSMS,1,0,"API Triggered","Email, SMS",,"2025-10-27 08:00","2025-10-30 14:00",,,,,,,,,,,,,,,,,,,,,,,,,,,,,,,,168,4,164,0,0,85,25,51.83,15.24,167,135,0,0,32,0,0,,,,,,,,,,,,,,,,,,,,,,,,,,"API Triggered: Email, SMS (24 Oct 2025 till now)",123,0
124,128311956,VIP:AnniversaryEmailSms,1,0,"API Triggered","Email, SMS",,"2025-10-28 07:00","2026-04-23 05:00",,,,,,,,,,,,,,,,,,,,,,,,,,,,,,,,40,0,40,0,0,15,2,37.5,5,40,32,0,0,8,0,0,,,,,,,,,,,,,,,,,,,,,,,,,,"API Triggered: Email, SMS (25 Oct 2025 till now)",124,0
125,128479211,"VIP: SuperVIPGiftEmail",1,0,"API Triggered",Email,,,,,,,,,,,,,,,,,,,,,,,,,,,,,,,,,,,0,0,0,0,0,0,0,0,0,,,,,,,,,,,,,,,,,,,,,,,,,,,,,,,,,"API Triggered: Email (03 Nov 2025 till now)",125,
126,128542569,VIP:VIP1EmailSms,1,0,"API Triggered","Email, SMS",,,,,,,,,,,,,,,,,,,,,,,,,,,,,,,,,,,0,0,0,0,0,0,0,0,0,0,0,0,0,0,0,0,,,,,,,,,,,,,,,,,,,,,,,,,,"API Triggered: Email, SMS (07 Nov 2025 till now)",126,0
127,128542570,VIP:VIP2Email,1,0,"API Triggered",Email,,"2025-11-20 09:00","2026-05-10 19:00",,,,,,,,,,,,,,,,,,,,,,,,,,,,,,,,12,0,12,0,0,10,6,83.33,50,,,,,,,,,,,,,,,,,,,,,,,,,,,,,,,,,"API Triggered: Email (07 Nov 2025 till now)",127,
128,128542571,VIP:VIP3Email,1,0,"API Triggered",Email,,"2025-11-20 09:00","2025-11-25 12:00",,,,,,,,,,,,,,,,,,,,,,,,,,,,,,,,2,0,2,0,0,2,0,100,0,,,,,,,,,,,,,,,,,,,,,,,,,,,,,,,,,"API Triggered: Email (07 Nov 2025 till now)",128,
129,128566232,"VIP: SVIPReactivationEmailSmS",1,0,"API Triggered","Email, SMS",,"2025-11-08 13:00","2025-11-24 15:00",,,,,,,,,,,,,,,,,,,,,,,,,,,,,,,,10,2,8,0,0,6,3,75,37.5,10,7,0,0,3,0,0,,,,,,,,,,,,,,,,,,,,,,,,,,"API Triggered: Email, SMS (08 Nov 2025 till now)",129,0
130,128934869,"TP Monday Promo",1,0,"API Triggered",Email,,"2025-12-01 10:00","2025-12-01 10:00",,,,,,,,,,,,,,,,,,,,,,,,,,,,,,,,73,0,73,0,0,44,24,60.27,32.88,,,,,,,,,,,,,,,,,,,,,,,,,,,,,,,,,"API Triggered: Email (01 Dec 2025 till now)",130,
131,128970259,VIP:ReactiationFS100,1,0,"API Triggered","Email, SMS",,"2025-12-08 15:00","2026-05-12 15:00",,,,,,,,,,,,,,,,,,,,,,,,,,,,,,,,73,3,70,0,0,33,25,47.14,35.71,75,44,0,0,28,0,0,,,,,,,,,,,,,,,,,,,,,,,,,,"API Triggered: Email, SMS (03 Dec 2025 till now)",131,0
132,128987721,"VIP: SVIPBoniEmailSms",1,0,"API Triggered","Email, SMS",,"2026-01-23 14:00","2026-05-11 11:00",,,,,,,,,,,,,,,,,,,,,,,,,,,,,,,,73,1,72,0,0,41,14,56.94,19.44,71,69,0,0,2,0,0,,,,,,,,,,,,,,,,,,,,,,,,,,"API Triggered: Email, SMS (04 Dec 2025 till now)",132,0
133,128987750,"VIP: SVIPFsEmailSms",1,0,"API Triggered","Email, SMS",,"2026-01-23 14:00","2026-03-13 07:00",,,,,,,,,,,,,,,,,,,,,,,,,,,,,,,,12,0,12,0,0,10,5,83.33,41.67,11,11,0,0,0,0,0,,,,,,,,,,,,,,,,,,,,,,,,,,"API Triggered: Email, SMS (04 Dec 2025 till now)",133,0
134,128987950,"VIP: Reactivation3xDepEmailSms",1,0,"API Triggered","Email, SMS",,"2026-01-23 14:00","2026-04-23 09:00",,,,,,,,,,,,,,,,,,,,,,,,,,,,,,,,27,1,26,1,0,18,4,69.23,15.38,26,25,0,0,1,0,0,,,,,,,,,,,,,,,,,,,,,,,,,,"API Triggered: Email, SMS (04 Dec 2025 till now)",134,0
135,128987962,"VIP: ReactivationTurnoverEmailSms",1,0,"API Triggered","Email, SMS",,"2026-01-23 14:00","2026-05-11 14:00",,,,,,,,,,,,,,,,,,,,,,,,,,,,,,,,23,1,22,1,0,12,3,54.55,13.64,22,20,0,0,2,0,0,,,,,,,,,,,,,,,,,,,,,,,,,,"API Triggered: Email, SMS (04 Dec 2025 till now)",135,0
136,128987972,"VIP: ReactivationDep50EmailSms",1,0,"API Triggered","Email, SMS",,"2026-01-23 14:00","2026-05-06 13:00",,,,,,,,,,,,,,,,,,,,,,,,,,,,,,,,22,1,21,0,0,12,2,57.14,9.52,21,19,0,0,2,0,0,,,,,,,,,,,,,,,,,,,,,,,,,,"API Triggered: Email, SMS (04 Dec 2025 till now)",136,0
137,128987988,"VIP: ReactivationCashback50EmailSms",1,0,"API Triggered","Email, SMS",,"2026-01-23 14:00","2026-01-30 14:00",,,,,,,,,,,,,,,,,,,,,,,,,,,,,,,,3,0,3,0,0,3,1,100,33.33,2,2,0,0,0,0,0,,,,,,,,,,,,,,,,,,,,,,,,,,"API Triggered: Email, SMS (04 Dec 2025 till now)",137,0
138,128987997,"VIP: ReactivationExtraCbEmailSms",1,0,"API Triggered","Email, SMS",,"2026-01-23 14:00","2026-03-24 13:00",,,,,,,,,,,,,,,,,,,,,,,,,,,,,,,,4,0,4,0,0,4,1,100,25,3,3,0,0,0,0,0,,,,,,,,,,,,,,,,,,,,,,,,,,"API Triggered: Email, SMS (04 Dec 2025 till now)",138,0
139,128988000,"VIP: ReactivationSuperDepEmailSms",1,0,"API Triggered","Email, SMS",,"2026-01-23 14:00","2026-04-27 11:00",,,,,,,,,,,,,,,,,,,,,,,,,,,,,,,,12,2,10,0,0,7,2,70,20,10,8,0,0,2,0,0,,,,,,,,,,,,,,,,,,,,,,,,,,"API Triggered: Email, SMS (04 Dec 2025 till now)",139,0
140,129245222,EndOfAdvent(23/12),1,0,"API Triggered",Email,,"2025-12-23 09:00","2025-12-23 09:00",,,,,,,,,,,,,,,,,,,,,,,,,,,,,,,,780,10,770,2,0,361,144,46.88,18.7,,,,,,,,,,,,,,,,,,,,,,,,,,,,,,,,,"API Triggered: Email (22 Dec 2025 till now)",140,
141,129245295,AdventFinalSegSendout,1,0,"API Triggered",SMS,,"2025-12-24 06:00","2025-12-24 06:00",,,,,,,,,,,,,,,,,,,,,,,,,,,,,,,,,,,,,,,,,145,121,0,0,17,0,0,,,,,,,,,,,,,,,,,,,,,,,,,,"API Triggered: SMS (22 Dec 2025 till now)",141,0
142,129563955,SB_Chels_Ars_14.01.,1,0,"API Triggered",Email,,"2026-01-14 09:00","2026-01-14 09:00",,,,,,,,,,,,,,,,,,,,,,,,,,,,,,,,993,91,902,2,0,409,55,45.34,6.1,,,,,,,,,,,,,,,,,,,,,,,,,,,,,,,,,"API Triggered: Email (14 Jan 2026 till now)",142,
143,129639689,BlueMonday50fsBonus(19/01),1,0,"API Triggered",Email,,"2026-01-19 10:00","2026-01-19 10:00",,,,,,,,,,,,,,,,,,,,,,,,,,,,,,,,800,27,773,2,0,160,129,20.7,16.69,,,,,,,,,,,,,,,,,,,,,,,,,,,,,,,,,"API Triggered: Email (19 Jan 2026 till now)",143,
144,129639832,BlueMonday100fsBonus(19/01),1,0,"API Triggered",Email,,"2026-01-19 10:00","2026-01-19 10:00",,,,,,,,,,,,,,,,,,,,,,,,,,,,,,,,278,9,269,2,0,50,44,18.59,16.36,,,,,,,,,,,,,,,,,,,,,,,,,,,,,,,,,"API Triggered: Email (19 Jan 2026 till now)",144,
145,129797091,VIP:ReactivationChainForPlayerEmailSms,1,0,"API Triggered","Email, SMS",,,,,,,,,,,,,,,,,,,,,,,,,,,,,,,,,,,0,0,0,0,0,0,0,0,0,0,0,0,0,0,0,0,,,,,,,,,,,,,,,,,,,,,,,,,,"API Triggered: Email, SMS (29 Jan 2026 till now)",145,0
146,129956171,VIP:ReactivationChainForPlayerEmailSmstest,1,0,"API Triggered","Email, SMS",,"2026-02-08 18:00","2026-05-05 13:00",,,,,,,,,,,,,,,,,,,,,,,,,,,,,,,,96,3,93,1,0,54,15,58.06,16.13,98,73,0,0,24,0,0,,,,,,,,,,,,,,,,,,,,,,,,,,"API Triggered: Email, SMS (08 Feb 2026 till now)",146,0
147,129981907,OlympicGamesSendout(1),1,0,"API Triggered",Email,,"2026-02-10 09:00","2026-02-10 09:00",,,,,,,,,,,,,,,,,,,,,,,,,,,,,,,,675,12,663,7,0,243,23,36.65,3.47,,,,,,,,,,,,,,,,,,,,,,,,,,,,,,,,,"API Triggered: Email (10 Feb 2026 till now)",147,
148,130030362,ValentineDayBonus100fs(13.02),1,0,"API Triggered",Email,,"2026-02-13 09:00","2026-02-13 09:00",,,,,,,,,,,,,,,,,,,,,,,,,,,,,,,,262,9,253,2,0,147,57,58.1,22.53,,,,,,,,,,,,,,,,,,,,,,,,,,,,,,,,,"API Triggered: Email (13 Feb 2026 till now)",148,
149,130030381,ValentineDayBonus50fs(13.02),1,0,"API Triggered",Email,,"2026-02-13 10:00","2026-02-13 10:00",,,,,,,,,,,,,,,,,,,,,,,,,,,,,,,,803,45,758,3,0,388,183,51.19,24.14,,,,,,,,,,,,,,,,,,,,,,,,,,,,,,,,,"API Triggered: Email (13 Feb 2026 till now)",149,
150,130092487,ChineseNYSend(17.02),1,0,"API Triggered",Email,,"2026-02-17 12:00","2026-02-17 12:00",,,,,,,,,,,,,,,,,,,,,,,,,,,,,,,,1907,56,1851,9,0,931,188,50.3,10.16,,,,,,,,,,,,,,,,,,,,,,,,,,,,,,,,,"API Triggered: Email (17 Feb 2026 till now)",150,
151,130096059,VIP:WomensDayBonusEmailSMS,1,0,"API Triggered","Email, SMS",,"2026-03-08 07:00","2026-03-08 07:00",,,,,,,,,,,,,,,,,,,,,,,,,,,,,,,,39,1,38,0,0,23,8,60.53,21.05,39,29,0,0,10,0,0,,,,,,,,,,,,,,,,,,,,,,,,,,"API Triggered: Email, SMS (17 Feb 2026 till now)",151,0
152,130109616,VIP:WhatsAppEmailSMS,1,0,"API Triggered","Email, SMS",,,,,,,,,,,,,,,,,,,,,,,,,,,,,,,,,,,0,0,0,0,0,0,0,0,0,0,0,0,0,0,0,0,,,,,,,,,,,,,,,,,,,,,,,,,,"API Triggered: Email, SMS (18 Feb 2026 till now)",152,0
153,130140591,"OlympicGamesSendout(2 End)",1,0,"API Triggered",Email,,"2026-02-20 09:00","2026-02-20 09:00",,,,,,,,,,,,,,,,,,,,,,,,,,,,,,,,748,12,736,5,0,290,36,39.4,4.89,,,,,,,,,,,,,,,,,,,,,,,,,,,,,,,,,"API Triggered: Email (20 Feb 2026 till now)",153,
154,130230391,VIP:BonusForVerifiedClient:SpecialTaskLegal,1,0,"API Triggered","Email, SMS",,"2026-02-26 07:00","2026-02-26 07:00",,,,,,,,,,,,,,,,,,,,,,,,,,,,,,,,3,0,3,0,0,1,0,33.33,0,3,2,0,0,1,0,0,,,,,,,,,,,,,,,,,,,,,,,,,,"API Triggered: Email, SMS (26 Feb 2026 till now)",154,0
155,130361573,WomensDayBonus10fs(08.03),1,0,"API Triggered",Email,,"2026-03-08 08:00","2026-03-08 08:00",,,,,,,,,,,,,,,,,,,,,,,,,,,,,,,,19,0,19,0,0,10,4,52.63,21.05,,,,,,,,,,,,,,,,,,,,,,,,,,,,,,,,,"API Triggered: Email (06 Mar 2026 till now)",155,
156,130361594,WomensDayBonus30fs(08.03),1,0,"API Triggered",Email,,"2026-03-08 08:00","2026-03-08 08:00",,,,,,,,,,,,,,,,,,,,,,,,,,,,,,,,391,12,379,1,0,186,107,49.08,28.23,,,,,,,,,,,,,,,,,,,,,,,,,,,,,,,,,"API Triggered: Email (06 Mar 2026 till now)",156,
157,130361623,WomensDayBonus50fs(08.03),1,0,"API Triggered",Email,,"2026-03-08 08:00","2026-03-08 08:00",,,,,,,,,,,,,,,,,,,,,,,,,,,,,,,,163,5,158,0,0,83,39,52.53,24.68,,,,,,,,,,,,,,,,,,,,,,,,,,,,,,,,,"API Triggered: Email (06 Mar 2026 till now)",157,
158,130361627,WomensDayBonus100fs(08.03),1,0,"API Triggered",Email,,"2026-03-08 08:00","2026-03-08 08:00",,,,,,,,,,,,,,,,,,,,,,,,,,,,,,,,55,1,54,0,0,30,16,55.56,29.63,,,,,,,,,,,,,,,,,,,,,,,,,,,,,,,,,"API Triggered: Email (06 Mar 2026 till now)",158,
159,130529685,St.PatrickSend(17.03),1,0,"API Triggered",Email,,"2026-03-17 11:00","2026-03-17 11:00",,,,,,,,,,,,,,,,,,,,,,,,,,,,,,,,2137,67,2070,4,0,773,76,37.34,3.67,,,,,,,,,,,,,,,,,,,,,,,,,,,,,,,,,"API Triggered: Email (17 Mar 2026 till now)",159,
160,130637998,VIP:EasterAdventCalendarEmailSMS,1,0,"API Triggered","Email, SMS",,"2026-04-03 06:00","2026-04-03 06:00",,,,,,,,,,,,,,,,,,,,,,,,,,,,,,,,292,9,283,1,0,159,76,56.18,26.86,292,227,0,0,58,0,0,,,,,,,,,,,,,,,,,,,,,,,,,,"API Triggered: Email, SMS (24 Mar 2026 till now)",160,0
161,130728989,"VIP: TVIP Reactivation Deposit bonus",1,0,"API Triggered","Email, SMS",,,,,,,,,,,,,,,,,,,,,,,,,,,,,,,,,,,0,0,0,0,0,0,0,0,0,0,0,0,0,0,0,0,,,,,,,,,,,,,,,,,,,,,,,,,,"API Triggered: Email, SMS (30 Mar 2026 till now)",161,0
162,130732028,"VIP: TVIP Reactivation No bonus (Feedback)",1,0,"API Triggered","Email, SMS",,,,,,,,,,,,,,,,,,,,,,,,,,,,,,,,,,,0,0,0,0,0,0,0,0,0,0,0,0,0,0,0,0,,,,,,,,,,,,,,,,,,,,,,,,,,"API Triggered: Email, SMS (30 Mar 2026 till now)",162,0
163,130732246,"VIP: TVIP Reactivation DepBonus or CB",1,0,"API Triggered","Email, SMS",,,,,,,,,,,,,,,,,,,,,,,,,,,,,,,,,,,0,0,0,0,0,0,0,0,0,0,0,0,0,0,0,0,,,,,,,,,,,,,,,,,,,,,,,,,,"API Triggered: Email, SMS (30 Mar 2026 till now)",163,0
164,130791410,"EasterStartNoDepBonSeg(10EuroBon) 03.04",1,0,"API Triggered",Email,,"2026-04-03 10:00","2026-04-03 10:00",,,,,,,,,,,,,,,,,,,,,,,,,,,,,,,,1827,39,1788,8,0,737,380,41.22,21.25,,,,,,,,,,,,,,,,,,,,,,,,,,,,,,,,,"API Triggered: Email (03 Apr 2026 till now)",164,
165,130791420,"EasterStartNoDepBonSeg(15EuroBon) 03.04",1,0,"API Triggered",Email,,"2026-04-03 10:00","2026-04-03 10:00",,,,,,,,,,,,,,,,,,,,,,,,,,,,,,,,840,10,830,7,0,404,199,48.67,23.98,,,,,,,,,,,,,,,,,,,,,,,,,,,,,,,,,"API Triggered: Email (03 Apr 2026 till now)",165,
166,130791441,"EasterStartNoDepBonSeg(20EuroBon) 03.04",1,0,"API Triggered",Email,,"2026-04-03 10:00","2026-04-03 10:00",,,,,,,,,,,,,,,,,,,,,,,,,,,,,,,,283,2,281,2,0,144,73,51.25,25.98,,,,,,,,,,,,,,,,,,,,,,,,,,,,,,,,,"API Triggered: Email (03 Apr 2026 till now)",166,
167,130846370,HalfEasterSendout(SMS),1,0,"API Triggered",SMS,,"2026-04-07 13:00","2026-04-07 13:00",,,,,,,,,,,,,,,,,,,,,,,,,,,,,,,,,,,,,,,,,1089,844,0,0,231,0,0,,,,,,,,,,,,,,,,,,,,,,,,,,"API Triggered: SMS (07 Apr 2026 till now)",167,0
168,130879224,VIP:FreeBetForPlayerEmailSms,1,0,"API Triggered","Email, SMS",,,,,,,,,,,,,,,,,,,,,,,,,,,,,,,,,,,0,0,0,0,0,0,0,0,0,0,0,0,0,0,0,0,,,,,,,,,,,,,,,,,,,,,,,,,,"API Triggered: Email, SMS (09 Apr 2026 till now)",168,0
169,130970457,VIP:SurveyForPlayersEmail,1,0,"API Triggered",Email,,"2026-04-27 13:00","2026-04-29 12:00",,,,,,,,,,,,,,,,,,,,,,,,,,,,,,,,211,2,209,2,0,127,12,60.77,5.74,,,,,,,,,,,,,,,,,,,,,,,,,,,,,,,,,"API Triggered: Email (15 Apr 2026 till now)",169,
170,131003430,"NBAPlayoffSendout(1st day)",1,0,"API Triggered",Email,,"2026-04-18 07:00","2026-04-18 07:00",,,,,,,,,,,,,,,,,,,,,,,,,,,,,,,,206,3,203,0,0,67,4,33,1.97,,,,,,,,,,,,,,,,,,,,,,,,,,,,,,,,,"API Triggered: Email (17 Apr 2026 till now)",170,
171,131203384,StarWarsDayBonus10fs(04.05),1,0,"API Triggered",Email,,"2026-05-04 09:00","2026-05-04 09:00",,,,,,,,,,,,,,,,,,,,,,,,,,,,,,,,215,4,211,1,0,94,45,44.55,21.33,,,,,,,,,,,,,,,,,,,,,,,,,,,,,,,,,"API Triggered: Email (30 Apr 2026 till now)",171,
172,131203389,StarWarsDayBonus30fs(04.05),1,0,"API Triggered",Email,,"2026-05-04 09:00","2026-05-04 09:00",,,,,,,,,,,,,,,,,,,,,,,,,,,,,,,,75,1,74,0,0,33,13,44.59,17.57,,,,,,,,,,,,,,,,,,,,,,,,,,,,,,,,,"API Triggered: Email (30 Apr 2026 till now)",172,
173,131203401,StarWarsDayBonus50fs(04.05),1,0,"API Triggered",Email,,"2026-05-04 09:00","2026-05-04 09:00",,,,,,,,,,,,,,,,,,,,,,,,,,,,,,,,836,12,824,1,0,376,212,45.63,25.73,,,,,,,,,,,,,,,,,,,,,,,,,,,,,,,,,"API Triggered: Email (30 Apr 2026 till now)",173,
174,131203408,StarWarsDayBonus100fs(04.05),1,0,"API Triggered",Email,,"2026-05-04 09:00","2026-05-04 09:00",,,,,,,,,,,,,,,,,,,,,,,,,,,,,,,,283,4,279,0,0,139,74,49.82,26.52,,,,,,,,,,,,,,,,,,,,,,,,,,,,,,,,,"API Triggered: Email (30 Apr 2026 till now)",174,
175,131278360,VIP:FreeSpinsTakeOlympusEmailSMS,1,0,"API Triggered","Email, SMS",,,,,,,,,,,,,,,,,,,,,,,,,,,,,,,,,,,0,0,0,0,0,0,0,0,0,0,0,0,0,0,0,0,,,,,,,,,,,,,,,,,,,,,,,,,,"API Triggered: Email, SMS (05 May 2026 till now)",175,0
176,131387064,"VIP:CryptoDepositBonusEmailSMS ",1,0,"API Triggered","Email, SMS",,,,,,,,,,,,,,,,,,,,,,,,,,,,,,,,,,,0,0,0,0,0,0,0,0,0,0,0,0,0,0,0,0,,,,,,,,,,,,,,,,,,,,,,,,,,"API Triggered: Email, SMS (12 May 2026 till now)",176,0
177,131389822,VIP:PragmaticFSEmailSms,1,0,"API Triggered","Email, SMS",,,,,,,,,,,,,,,,,,,,,,,,,,,,,,,,,,,0,0,0,0,0,0,0,0,0,0,0,0,0,0,0,0,,,,,,,,,,,,,,,,,,,,,,,,,,"API Triggered: Email, SMS (12 May 2026 till now)",177,0
178,131387730,"RSTransfer 20e 12.05",0,0,Scheduled,"Email, SMS",,"2026-05-12 11:00","2026-05-12 11:00",,,,,,,,,,,,,,,,,,,,,,,,,,,,,,,,306,17,289,2,0,80,16,27.68,5.54,294,254,0,0,25,0,0,,,,,,,,,,,,,,,,,,,,,,,,,,"Scheduled: Email, SMS (12 May 2026)",178,0
179,131370599,RSTransfers20EUR11.05,0,0,Scheduled,"Email, SMS",,"2026-05-11 09:00","2026-05-11 09:00",,,,,,,,,,,,,,,,,,,,,,,,,,,,,,,,412,30,382,3,0,117,33,30.63,8.64,405,356,0,0,47,0,0,,,,,,,,,,,,,,,,,,,,,,,,,,"Scheduled: Email, SMS (11 May 2026)",179,0
180,131328987,"TP Sendout 08.05 x3",0,0,Scheduled,Email,,"2026-05-08 15:00","2026-05-08 15:00",,,,,,,,,,,,,,,,,,,,,,,,,,,,,,,,50,1,49,0,0,35,21,71.43,42.86,,,,,,,,,,,,,,,,,,,,,,,,,,,,,,,,,"Scheduled: Email (08 May 2026)",180,
181,131328857,"TP Sendout 08.05 x2",0,0,Scheduled,Email,,"2026-05-08 15:00","2026-05-08 15:00",,,,,,,,,,,,,,,,,,,,,,,,,,,,,,,,48,2,46,1,0,33,21,71.74,45.65,,,,,,,,,,,,,,,,,,,,,,,,,,,,,,,,,"Scheduled: Email (08 May 2026)",181,
182,131328761,"TP Sendout 08.05",0,0,Scheduled,Email,,"2026-05-08 14:00","2026-05-08 14:00",,,,,,,,,,,,,,,,,,,,,,,,,,,,,,,,39,1,38,1,0,27,12,71.05,31.58,,,,,,,,,,,,,,,,,,,,,,,,,,,,,,,,,"Scheduled: Email (08 May 2026)",182,
183,131309709,RSTransfers50EUR07.05,0,0,Scheduled,"Email, SMS",,"2026-05-07 10:00","2026-05-07 10:00",,,,,,,,,,,,,,,,,,,,,,,,,,,,,,,,280,16,264,6,0,98,28,37.12,10.61,274,245,0,0,27,0,0,,,,,,,,,,,,,,,,,,,,,,,,,,"Scheduled: Email, SMS (07 May 2026)",183,0
184,131290165,RSTransfers200EUR005.06,0,0,Scheduled,"Email, SMS",,"2026-05-06 09:00","2026-05-06 09:00",,,,,,,,,,,,,,,,,,,,,,,,,,,,,,,,164,5,159,2,0,76,13,47.8,8.18,162,145,0,0,17,0,0,,,,,,,,,,,,,,,,,,,,,,,,,,"Scheduled: Email, SMS (06 May 2026)",184,0
185,131290168,"Retention:TrustPilotPromoCode 06.05",0,0,Scheduled,Email,,"2026-05-06 09:00","2026-05-06 09:00",,,,,,,,,,,,,,,,,,,,,,,,,,,,,,,,65,3,62,0,0,21,11,33.87,17.74,,,,,,,,,,,,,,,,,,,,,,,,,,,,,,,,,"Scheduled: Email (06 May 2026)",185,
186,131288860,"TrustPilotMonthlyBonus 06.05",0,0,Scheduled,Email,,"2026-05-06 06:00","2026-05-06 06:00",,,,,,,,,,,,,,,,,,,,,,,,,,,,,,,,12,0,12,0,0,6,2,50,16.67,,,,,,,,,,,,,,,,,,,,,,,,,,,,,,,,,"Scheduled: Email (06 May 2026)",186,
187,131288766,Retention:TrustpilotDeposit150%06.05,0,0,Scheduled,Email,,"2026-05-06 06:00","2026-05-06 06:00",,,,,,,,,,,,,,,,,,,,,,,,,,,,,,,,83,6,77,0,0,25,3,32.47,3.9,,,,,,,,,,,,,,,,,,,,,,,,,,,,,,,,,"Scheduled: Email (06 May 2026)",187,
188,131275390,"TP 20 FS 05.05",0,0,Scheduled,Email,,"2026-05-05 09:00","2026-05-05 09:00",,,,,,,,,,,,,,,,,,,,,,,,,,,,,,,,1514,124,1390,0,0,119,89,8.56,6.4,,,,,,,,,,,,,,,,,,,,,,,,,,,,,,,,,"Scheduled: Email (05 May 2026)",188,
189,131264450,"TP Sendout 04.05 x4",0,0,Scheduled,Email,,"2026-05-04 15:00","2026-05-04 15:00",,,,,,,,,,,,,,,,,,,,,,,,,,,,,,,,73,1,72,0,0,53,32,73.61,44.44,,,,,,,,,,,,,,,,,,,,,,,,,,,,,,,,,"Scheduled: Email (04 May 2026)",189,
190,131264434,"TP Sendout 04.05 x3",0,0,Scheduled,Email,,"2026-05-04 15:00","2026-05-04 15:00",,,,,,,,,,,,,,,,,,,,,,,,,,,,,,,,69,0,69,0,0,51,39,73.91,56.52,,,,,,,,,,,,,,,,,,,,,,,,,,,,,,,,,"Scheduled: Email (04 May 2026)",190,
191,131263032,"TP Sendout 04.05 X2",0,0,Scheduled,Email,,"2026-05-04 12:00","2026-05-04 12:00",,,,,,,,,,,,,,,,,,,,,,,,,,,,,,,,65,0,65,0,0,49,30,75.38,46.15,,,,,,,,,,,,,,,,,,,,,,,,,,,,,,,,,"Scheduled: Email (04 May 2026)",191,
192,131260057,"TP Sendout 04.05",0,0,Scheduled,Email,,"2026-05-04 09:00","2026-05-04 09:00",,,,,,,,,,,,,,,,,,,,,,,,,,,,,,,,49,0,49,0,0,39,31,79.59,63.27,,,,,,,,,,,,,,,,,,,,,,,,,,,,,,,,,"Scheduled: Email (04 May 2026)",192,
193,131233017,"TP Sendout 02.05 x2",0,0,Scheduled,Email,,"2026-05-02 11:00","2026-05-02 11:00",,,,,,,,,,,,,,,,,,,,,,,,,,,,,,,,70,1,69,0,0,50,30,72.46,43.48,,,,,,,,,,,,,,,,,,,,,,,,,,,,,,,,,"Scheduled: Email (02 May 2026)",193,
194,131232987,"TP Sendout 02.05",0,0,Scheduled,Email,,"2026-05-02 11:00","2026-05-02 11:00",,,,,,,,,,,,,,,,,,,,,,,,,,,,,,,,69,1,68,0,0,54,25,79.41,36.76,,,,,,,,,,,,,,,,,,,,,,,,,,,,,,,,,"Scheduled: Email (02 May 2026)",194,
195,131230152,RSTransfers300EUR02.05,0,0,Scheduled,"Email, SMS",,"2026-05-02 07:00","2026-05-02 07:00",,,,,,,,,,,,,,,,,,,,,,,,,,,,,,,,96,4,92,1,0,22,5,23.91,5.43,96,89,0,0,7,0,0,,,,,,,,,,,,,,,,,,,,,,,,,,"Scheduled: Email, SMS (02 May 2026)",195,0
196,131183259,RoySpinsTransferTest.Kristofers,0,0,Scheduled,"Email, SMS",,"2026-04-29 09:00","2026-04-29 09:00",,,,,,,,,,,,,,,,,,,,,,,,,,,,,,,,1,0,1,0,0,1,1,100,100,1,1,0,0,0,0,0,,,,,,,,,,,,,,,,,,,,,,,,,,"Scheduled: Email, SMS (29 Apr 2026)",196,0
197,131151443,RoySpinsTransferTest,0,0,Scheduled,"Email, SMS",,"2026-04-27 09:00","2026-04-27 09:00",,,,,,,,,,,,,,,,,,,,,,,,,,,,,,,,2,0,2,0,0,2,1,100,50,2,2,0,0,0,0,0,,,,,,,,,,,,,,,,,,,,,,,,,,"Scheduled: Email, SMS (27 Apr 2026)",197,0
198,131074315,(Emils)TPSpecial100FreeSpins22.04(Kristofers),0,0,Scheduled,Email,,"2026-04-22 08:00","2026-04-22 08:00",,,,,,,,,,,,,,,,,,,,,,,,,,,,,,,,49,8,41,0,0,18,11,43.9,26.83,,,,,,,,,,,,,,,,,,,,,,,,,,,,,,,,,"Scheduled: Email (22 Apr 2026)",198,
199,131058461,"Retention:TrustPilotPromoCode 21.04",0,0,Scheduled,Email,,"2026-04-21 08:00","2026-04-21 08:00",,,,,,,,,,,,,,,,,,,,,,,,,,,,,,,,496,30,466,1,0,235,79,50.43,16.95,,,,,,,,,,,,,,,,,,,,,,,,,,,,,,,,,"Scheduled: Email (21 Apr 2026)",199,
200,131044216,Retention:TrustpilotDeposit150%20.04,0,0,Scheduled,Email,,"2026-04-20 10:00","2026-04-20 10:00",,,,,,,,,,,,,,,,,,,,,,,,,,,,,,,,85,5,80,2,0,32,8,40,10,,,,,,,,,,,,,,,,,,,,,,,,,,,,,,,,,"Scheduled: Email (20 Apr 2026)",200,
201,130999799,"TP Sendout (royspins.onl) 17.04 x2",0,0,Scheduled,Email,,"2026-04-17 10:00","2026-04-17 10:00",,,,,,,,,,,,,,,,,,,,,,,,,,,,,,,,287,16,271,0,0,102,37,37.64,13.65,,,,,,,,,,,,,,,,,,,,,,,,,,,,,,,,,"Scheduled: Email (17 Apr 2026)",201,
202,130999234,"TP Sendout (royspins.fans) 17.04",0,0,Scheduled,Email,,"2026-04-17 09:00","2026-04-17 09:00",,,,,,,,,,,,,,,,,,,,,,,,,,,,,,,,304,35,269,0,0,68,43,25.28,15.99,,,,,,,,,,,,,,,,,,,,,,,,,,,,,,,,,"Scheduled: Email (17 Apr 2026)",202,
203,130997600,"TP Sendout (royspins.you) 17.04",0,0,Scheduled,Email,,"2026-04-17 08:00","2026-04-17 08:00",,,,,,,,,,,,,,,,,,,,,,,,,,,,,,,,260,43,217,0,0,41,20,18.89,9.22,,,,,,,,,,,,,,,,,,,,,,,,,,,,,,,,,"Scheduled: Email (17 Apr 2026)",203,
204,130997524,"TP 50 Special FS 04.02 Copy",0,0,Scheduled,Email,,"2026-04-17 08:00","2026-04-17 08:00",,,,,,,,,,,,,,,,,,,,,,,,,,,,,,,,28,0,28,0,0,11,7,39.29,25,,,,,,,,,,,,,,,,,,,,,,,,,,,,,,,,,"Scheduled: Email (17 Apr 2026)",204,
205,130997534,"TP Sendout (royspins.bio) 17.04",0,0,Scheduled,Email,,"2026-04-17 08:00","2026-04-17 08:00",,,,,,,,,,,,,,,,,,,,,,,,,,,,,,,,274,22,252,1,0,60,23,23.81,9.13,,,,,,,,,,,,,,,,,,,,,,,,,,,,,,,,,"Scheduled: Email (17 Apr 2026)",205,
206,130997457,"TP Sendout (royspins.onl) 17.04",0,0,Scheduled,Email,,"2026-04-17 08:00","2026-04-17 08:00",,,,,,,,,,,,,,,,,,,,,,,,,,,,,,,,197,33,164,2,0,33,18,20.12,10.98,,,,,,,,,,,,,,,,,,,,,,,,,,,,,,,,,"Scheduled: Email (17 Apr 2026)",206,
207,130949763,TrustPilotMonthlyBonusMarch14.04,0,0,Scheduled,Email,,"2026-04-14 06:00","2026-04-14 06:00",,,,,,,,,,,,,,,,,,,,,,,,,,,,,,,,15,1,14,0,0,1,2,7.14,14.29,,,,,,,,,,,,,,,,,,,,,,,,,,,,,,,,,"Scheduled: Email (14 Apr 2026)",207,
208,130938012,(Emils)TPSpecial100FreeSpins13.04,0,0,Scheduled,Email,,"2026-04-13 10:00","2026-04-13 10:00",,,,,,,,,,,,,,,,,,,,,,,,,,,,,,,,70,7,63,0,0,5,3,7.94,4.76,,,,,,,,,,,,,,,,,,,,,,,,,,,,,,,,,"Scheduled: Email (13 Apr 2026)",208,
209,130934338,Retention:TrustpilotDeposit150%13.04,0,0,Scheduled,Email,,"2026-04-13 06:00","2026-04-13 06:00",,,,,,,,,,,,,,,,,,,,,,,,,,,,,,,,350,35,315,0,0,135,22,42.86,6.98,,,,,,,,,,,,,,,,,,,,,,,,,,,,,,,,,"Scheduled: Email (13 Apr 2026)",209,
210,130892497,"TP Sendout (royspins.onl) 10.04",0,0,Scheduled,Email,,"2026-04-10 07:00","2026-04-10 07:00",,,,,,,,,,,,,,,,,,,,,,,,,,,,,,,,337,40,297,5,0,136,81,45.79,27.27,,,,,,,,,,,,,,,,,,,,,,,,,,,,,,,,,"Scheduled: Email (10 Apr 2026)",210,
211,130892475,"TP Sendout (royspins.news) 10.04",0,0,Scheduled,Email,,"2026-04-10 07:00","2026-04-10 07:00",,,,,,,,,,,,,,,,,,,,,,,,,,,,,,,,338,41,297,2,0,169,60,56.9,20.2,,,,,,,,,,,,,,,,,,,,,,,,,,,,,,,,,"Scheduled: Email (10 Apr 2026)",211,
212,130892438,"TP Sendout (royspins.you) 10.04",0,0,Scheduled,Email,,"2026-04-10 07:00","2026-04-10 07:00",,,,,,,,,,,,,,,,,,,,,,,,,,,,,,,,345,26,319,3,0,159,53,49.84,16.61,,,,,,,,,,,,,,,,,,,,,,,,,,,,,,,,,"Scheduled: Email (10 Apr 2026)",212,
213,130892307,"TP Sendout (royspins.fans) 10.04",0,0,Scheduled,Email,,"2026-04-10 07:00","2026-04-10 07:00",,,,,,,,,,,,,,,,,,,,,,,,,,,,,,,,345,45,300,4,0,153,48,51,16,,,,,,,,,,,,,,,,,,,,,,,,,,,,,,,,,"Scheduled: Email (10 Apr 2026)",213,
214,130892147,"TP Sendout (royspins.bio) 10.04",0,0,Scheduled,Email,,"2026-04-10 07:00","2026-04-10 07:00",,,,,,,,,,,,,,,,,,,,,,,,,,,,,,,,322,41,281,1,0,117,42,41.64,14.95,,,,,,,,,,,,,,,,,,,,,,,,,,,,,,,,,"Scheduled: Email (10 Apr 2026)",214,
215,130730112,"Retention:TrustPilotPromoCode 30.03",0,0,Scheduled,Email,,"2026-03-30 09:00","2026-03-30 09:00",,,,,,,,,,,,,,,,,,,,,,,,,,,,,,,,209,14,195,1,0,125,48,64.1,24.62,,,,,,,,,,,,,,,,,,,,,,,,,,,,,,,,,"Scheduled: Email (30 Mar 2026)",215,
216,130728974,Retention:TrustpilotDeposit150%30.03,0,0,Scheduled,Email,,"2026-03-30 07:00","2026-03-30 07:00",,,,,,,,,,,,,,,,,,,,,,,,,,,,,,,,212,13,199,0,0,47,12,23.62,6.03,,,,,,,,,,,,,,,,,,,,,,,,,,,,,,,,,"Scheduled: Email (30 Mar 2026)",216,
217,130673365,"TP Sendout (royspins.news) 26.03",0,0,Scheduled,Email,,"2026-03-26 10:00","2026-03-26 10:00",,,,,,,,,,,,,,,,,,,,,,,,,,,,,,,,24,0,24,0,0,17,5,70.83,20.83,,,,,,,,,,,,,,,,,,,,,,,,,,,,,,,,,"Scheduled: Email (26 Mar 2026)",217,
218,130656253,"TrustPilotMonthlyBonusMarch 25.03",0,0,Scheduled,Email,,"2026-03-25 09:00","2026-03-25 09:00",,,,,,,,,,,,,,,,,,,,,,,,,,,,,,,,8,0,8,0,0,1,2,12.5,25,,,,,,,,,,,,,,,,,,,,,,,,,,,,,,,,,"Scheduled: Email (25 Mar 2026)",218,
219,130636130,(Emils)TPSpecial100FreeSpins24.03,0,0,Scheduled,Email,,"2026-03-24 10:00","2026-03-24 10:00",,,,,,,,,,,,,,,,,,,,,,,,,,,,,,,,734,66,668,2,0,205,70,30.69,10.48,,,,,,,,,,,,,,,,,,,,,,,,,,,,,,,,,"Scheduled: Email (24 Mar 2026)",219,
220,130620886,Retention:TrustpilotDeposit150%23.03,0,0,Scheduled,Email,,"2026-03-23 09:00","2026-03-23 09:00",,,,,,,,,,,,,,,,,,,,,,,,,,,,,,,,176,10,166,0,0,81,9,48.8,5.42,,,,,,,,,,,,,,,,,,,,,,,,,,,,,,,,,"Scheduled: Email (23 Mar 2026)",220,
221,130620724,"Retention:TrustPilotPromoCode 23.03",0,0,Scheduled,Email,,"2026-03-23 08:00","2026-03-23 08:00",,,,,,,,,,,,,,,,,,,,,,,,,,,,,,,,109,4,105,1,0,75,29,71.43,27.62,,,,,,,,,,,,,,,,,,,,,,,,,,,,,,,,,"Scheduled: Email (23 Mar 2026)",221,
222,130529236,"TP Sendout (royspins.fans) 17.03",0,0,Scheduled,Email,,"2026-03-17 09:00","2026-03-17 09:00",,,,,,,,,,,,,,,,,,,,,,,,,,,,,,,,240,31,209,1,0,103,36,49.28,17.22,,,,,,,,,,,,,,,,,,,,,,,,,,,,,,,,,"Scheduled: Email (17 Mar 2026)",222,
223,130528909,"TP Sendout (royspins.team) 16.03",0,0,Scheduled,Email,,"2026-03-17 09:00","2026-03-17 09:00",,,,,,,,,,,,,,,,,,,,,,,,,,,,,,,,221,8,213,0,0,89,37,41.78,17.37,,,,,,,,,,,,,,,,,,,,,,,,,,,,,,,,,"Scheduled: Email (17 Mar 2026)",223,
224,130528143,"Retention:TrustPilotPromoCode 17.03",0,0,Scheduled,Email,,"2026-03-17 08:00","2026-03-17 08:00",,,,,,,,,,,,,,,,,,,,,,,,,,,,,,,,121,6,115,0,0,76,31,66.09,26.96,,,,,,,,,,,,,,,,,,,,,,,,,,,,,,,,,"Scheduled: Email (17 Mar 2026)",224,
225,130514058,"TP Sendout (royspins.team) 16.03",0,0,Scheduled,Email,,"2026-03-16 10:00","2026-03-16 10:00",,,,,,,,,,,,,,,,,,,,,,,,,,,,,,,,44,0,44,1,0,27,15,61.36,34.09,,,,,,,,,,,,,,,,,,,,,,,,,,,,,,,,,"Scheduled: Email (16 Mar 2026)",225,
226,130513410,Retention:TrustpilotDeposit150%16.03,0,0,Scheduled,Email,,"2026-03-16 09:00","2026-03-16 09:00",,,,,,,,,,,,,,,,,,,,,,,,,,,,,,,,261,9,252,0,0,62,14,24.6,5.56,,,,,,,,,,,,,,,,,,,,,,,,,,,,,,,,,"Scheduled: Email (16 Mar 2026)",226,
227,130469744,"TrustPilotMonthlyBonusMarch 13.03",0,0,Scheduled,Email,,"2026-03-13 10:00","2026-03-13 10:00",,,,,,,,,,,,,,,,,,,,,,,,,,,,,,,,16,0,16,0,0,5,4,31.25,25,,,,,,,,,,,,,,,,,,,,,,,,,,,,,,,,,"Scheduled: Email (13 Mar 2026)",227,
228,130437438,(Emils)TPSpecial100FreeSpins,0,0,Scheduled,Email,,"2026-03-11 09:00","2026-03-11 09:00",,,,,,,,,,,,,,,,,,,,,,,,,,,,,,,,541,38,503,0,0,32,48,6.36,9.54,,,,,,,,,,,,,,,,,,,,,,,,,,,,,,,,,"Scheduled: Email (11 Mar 2026)",228,
229,130437481,"TP Sendout (royspins.fans) 11.03",0,0,Scheduled,Email,,"2026-03-11 09:00","2026-03-11 09:00",,,,,,,,,,,,,,,,,,,,,,,,,,,,,,,,172,9,163,1,0,34,32,20.86,19.63,,,,,,,,,,,,,,,,,,,,,,,,,,,,,,,,,"Scheduled: Email (11 Mar 2026)",229,
230,130421505,"Retention:TrustPilotPromoCode 10.03",0,0,Scheduled,Email,,"2026-03-10 09:00","2026-03-10 09:00",,,,,,,,,,,,,,,,,,,,,,,,,,,,,,,,257,11,246,1,0,131,40,53.25,16.26,,,,,,,,,,,,,,,,,,,,,,,,,,,,,,,,,"Scheduled: Email (10 Mar 2026)",230,
231,130361639,WomensDayDepBonus20fs(08.03),0,0,"API Triggered",Email,,,,,,,,,,,,,,,,,,,,,,,,,,,,,,,,,,,0,0,0,0,0,0,0,0,0,,,,,,,,,,,,,,,,,,,,,,,,,,,,,,,,,"API Triggered: Email (06 Mar 2026 to 08 Mar 2026)",231,
232,130342974,Retention:TrustpilotDeposit150%05.03,0,0,Scheduled,Email,,"2026-03-05 07:00","2026-03-05 07:00",,,,,,,,,,,,,,,,,,,,,,,,,,,,,,,,450,14,436,0,0,213,33,48.85,7.57,,,,,,,,,,,,,,,,,,,,,,,,,,,,,,,,,"Scheduled: Email (05 Mar 2026)",232,
233,130314276,"TrustPilotMonthlyBonusMarch 03.03",0,0,Scheduled,Email,,"2026-03-03 10:00","2026-03-03 10:00",,,,,,,,,,,,,,,,,,,,,,,,,,,,,,,,23,0,23,0,0,8,2,34.78,8.7,,,,,,,,,,,,,,,,,,,,,,,,,,,,,,,,,"Scheduled: Email (03 Mar 2026)",233,
234,130298743,"TP Sendout (royspins.com) 02.03",0,0,Scheduled,Email,,"2026-03-02 10:00","2026-03-02 10:00",,,,,,,,,,,,,,,,,,,,,,,,,,,,,,,,108,2,106,1,0,44,19,41.51,17.92,,,,,,,,,,,,,,,,,,,,,,,,,,,,,,,,,"Scheduled: Email (02 Mar 2026)",234,
235,130297798,"Retention:TrustPilotPromoCode 02.03",0,0,Scheduled,Email,,"2026-03-02 09:00","2026-03-02 09:00",,,,,,,,,,,,,,,,,,,,,,,,,,,,,,,,187,6,181,0,0,101,39,55.8,21.55,,,,,,,,,,,,,,,,,,,,,,,,,,,,,,,,,"Scheduled: Email (02 Mar 2026)",235,
236,130233859,"TrustPilotMonthlyBonusFebruary 26.02",0,0,Scheduled,Email,,"2026-02-26 09:00","2026-02-26 09:00",,,,,,,,,,,,,,,,,,,,,,,,,,,,,,,,15,1,14,0,0,3,2,21.43,14.29,,,,,,,,,,,,,,,,,,,,,,,,,,,,,,,,,"Scheduled: Email (26 Feb 2026)",236,
237,130214584,"Retention:TrustPilotPromoCode 25.02",0,0,Scheduled,Email,,"2026-02-25 07:00","2026-02-25 07:00",,,,,,,,,,,,,,,,,,,,,,,,,,,,,,,,222,1,221,0,0,121,49,54.75,22.17,,,,,,,,,,,,,,,,,,,,,,,,,,,,,,,,,"Scheduled: Email (25 Feb 2026)",237,
238,130125967,Retention:TrustpilotDeposit150%19.02,0,0,Scheduled,Email,,"2026-02-19 09:00","2026-02-19 09:00",,,,,,,,,,,,,,,,,,,,,,,,,,,,,,,,349,15,334,1,0,141,14,42.22,4.19,,,,,,,,,,,,,,,,,,,,,,,,,,,,,,,,,"Scheduled: Email (19 Feb 2026)",238,
239,130109287,"TP 50 Special FS 18.02",0,0,Scheduled,Email,,"2026-02-18 10:00","2026-02-18 10:00",,,,,,,,,,,,,,,,,,,,,,,,,,,,,,,,51,1,50,1,0,16,11,32,22,,,,,,,,,,,,,,,,,,,,,,,,,,,,,,,,,"Scheduled: Email (18 Feb 2026)",239,
240,130091111,"Retention:TrustPilotPromoCode 17.02",0,0,Scheduled,Email,,"2026-02-17 07:00","2026-02-17 07:00",,,,,,,,,,,,,,,,,,,,,,,,,,,,,,,,225,9,216,1,0,128,41,59.26,18.98,,,,,,,,,,,,,,,,,,,,,,,,,,,,,,,,,"Scheduled: Email (17 Feb 2026)",240,
241,130076746,"TrustPilotMonthlyBonusFebruary 16.02",0,0,Scheduled,Email,,"2026-02-16 08:00","2026-02-16 08:00",,,,,,,,,,,,,,,,,,,,,,,,,,,,,,,,8,0,8,0,0,6,2,75,25,,,,,,,,,,,,,,,,,,,,,,,,,,,,,,,,,"Scheduled: Email (16 Feb 2026)",241,
242,129985816,"TP 50 Special FS 10.02",0,0,Scheduled,Email,,"2026-02-10 11:00","2026-02-10 11:00",,,,,,,,,,,,,,,,,,,,,,,,,,,,,,,,11,0,11,0,0,4,1,36.36,9.09,,,,,,,,,,,,,,,,,,,,,,,,,,,,,,,,,"Scheduled: Email (10 Feb 2026)",242,
243,129985460,"TrustPilotMonthlyBonusFebruary 10.02",0,0,Scheduled,Email,,"2026-02-10 11:00","2026-02-10 11:00",,,,,,,,,,,,,,,,,,,,,,,,,,,,,,,,9,1,8,0,0,3,1,37.5,12.5,,,,,,,,,,,,,,,,,,,,,,,,,,,,,,,,,"Scheduled: Email (10 Feb 2026)",243,
244,129968194,"TP Sendout (royspins.com) 09.02",0,0,Scheduled,Email,,"2026-02-09 11:00","2026-02-09 11:00",,,,,,,,,,,,,,,,,,,,,,,,,,,,,,,,216,17,199,0,0,110,43,55.28,21.61,,,,,,,,,,,,,,,,,,,,,,,,,,,,,,,,,"Scheduled: Email (09 Feb 2026)",244,
245,129965670,"Retention:TrustPilotPromoCode 09.02",0,0,Scheduled,Email,,"2026-02-09 09:00","2026-02-09 09:00",,,,,,,,,,,,,,,,,,,,,,,,,,,,,,,,136,3,133,0,0,79,32,59.4,24.06,,,,,,,,,,,,,,,,,,,,,,,,,,,,,,,,,"Scheduled: Email (09 Feb 2026)",245,
246,129901874,"Retention:TrustpilotDeposit150%23.01 Copy",0,0,Scheduled,Email,,"2026-02-05 10:00","2026-02-05 10:00",,,,,,,,,,,,,,,,,,,,,,,,,,,,,,,,739,21,718,5,0,395,54,55.01,7.52,,,,,,,,,,,,,,,,,,,,,,,,,,,,,,,,,"Scheduled: Email (05 Feb 2026)",246,
247,129886985,"TP Sendout (royspins.com) 04.02",0,0,Scheduled,Email,,"2026-02-04 11:00","2026-02-04 11:00",,,,,,,,,,,,,,,,,,,,,,,,,,,,,,,,12,0,12,0,0,4,3,33.33,25,,,,,,,,,,,,,,,,,,,,,,,,,,,,,,,,,"Scheduled: Email (04 Feb 2026)",247,
248,129884316,"TP 50 Special FS 04.02",0,0,Scheduled,Email,,"2026-02-04 09:00","2026-02-04 09:00",,,,,,,,,,,,,,,,,,,,,,,,,,,,,,,,112,1,111,2,0,51,18,45.95,16.22,,,,,,,,,,,,,,,,,,,,,,,,,,,,,,,,,"Scheduled: Email (04 Feb 2026)",248,
249,129868206,"Retention:TrustPilotPromoCode 03.02",0,0,Scheduled,Email,,"2026-02-03 09:00","2026-02-03 09:00",,,,,,,,,,,,,,,,,,,,,,,,,,,,,,,,236,3,233,0,0,146,60,62.66,25.75,,,,,,,,,,,,,,,,,,,,,,,,,,,,,,,,,"Scheduled: Email (03 Feb 2026)",249,
250,129854107,"TP Sendout (royspins.com) 02.02",0,0,Scheduled,Email,,"2026-02-02 11:00","2026-02-02 11:00",,,,,,,,,,,,,,,,,,,,,,,,,,,,,,,,17,0,17,0,0,8,3,47.06,17.65,,,,,,,,,,,,,,,,,,,,,,,,,,,,,,,,,"Scheduled: Email (02 Feb 2026)",250,
251,129853711,"TrustPilotMonthlyBonusFebruary 02.02",0,0,Scheduled,Email,,"2026-02-02 11:00","2026-02-02 11:00",,,,,,,,,,,,,,,,,,,,,,,,,,,,,,,,32,0,32,0,0,16,9,50,28.13,,,,,,,,,,,,,,,,,,,,,,,,,,,,,,,,,"Scheduled: Email (02 Feb 2026)",251,
252,129762032,"TP Sendout (royspins.com) 27.01",0,0,Scheduled,Email,,"2026-01-27 10:00","2026-01-27 10:00",,,,,,,,,,,,,,,,,,,,,,,,,,,,,,,,20,0,20,0,0,12,4,60,20,,,,,,,,,,,,,,,,,,,,,,,,,,,,,,,,,"Scheduled: Email (27 Jan 2026)",252,
253,129744753,"Retention:TrustPilotPromoCode 26.01",0,0,Scheduled,Email,,"2026-01-26 08:00","2026-01-26 08:00",,,,,,,,,,,,,,,,,,,,,,,,,,,,,,,,308,9,299,1,0,187,78,62.54,26.09,,,,,,,,,,,,,,,,,,,,,,,,,,,,,,,,,"Scheduled: Email (26 Jan 2026)",253,
254,129677523,"TP Sendout (royspins.com) 21.01",0,0,Scheduled,Email,,"2026-01-21 12:00","2026-01-21 12:00",,,,,,,,,,,,,,,,,,,,,,,,,,,,,,,,22,0,22,0,0,11,7,50,31.82,,,,,,,,,,,,,,,,,,,,,,,,,,,,,,,,,"Scheduled: Email (21 Jan 2026)",254,
255,129566253,"TP Sendout (royspins.nz) 14.01",0,0,Scheduled,Email,,"2026-01-14 10:00","2026-01-14 10:00",,,,,,,,,,,,,,,,,,,,,,,,,,,,,,,,53,0,53,1,0,31,6,58.49,11.32,,,,,,,,,,,,,,,,,,,,,,,,,,,,,,,,,"Scheduled: Email (14 Jan 2026)",255,
256,129566235,"TP Sendout (royspins.com) 14.01",0,0,Scheduled,Email,,"2026-01-14 10:00","2026-01-14 10:00",,,,,,,,,,,,,,,,,,,,,,,,,,,,,,,,57,7,50,1,0,18,4,36,8,,,,,,,,,,,,,,,,,,,,,,,,,,,,,,,,,"Scheduled: Email (14 Jan 2026)",256,
257,129535527,"Retention:TrustPilotPromoCode 12.01",0,0,Scheduled,Email,,"2026-01-12 10:00","2026-01-12 10:00",,,,,,,,,,,,,,,,,,,,,,,,,,,,,,,,179,1,178,1,0,105,32,58.99,17.98,,,,,,,,,,,,,,,,,,,,,,,,,,,,,,,,,"Scheduled: Email (12 Jan 2026)",257,
258,129463549,"TrustPilotMonthlyBonusDecember 07.01",0,0,Scheduled,Email,,"2026-01-07 10:00","2026-01-07 10:00",,,,,,,,,,,,,,,,,,,,,,,,,,,,,,,,14,0,14,1,0,8,6,57.14,42.86,,,,,,,,,,,,,,,,,,,,,,,,,,,,,,,,,"Scheduled: Email (07 Jan 2026)",258,
259,129448616,Retention:TrustpilotDeposit150%Bonus06.01,0,0,Scheduled,Email,,"2026-01-06 10:00","2026-01-06 10:00",,,,,,,,,,,,,,,,,,,,,,,,,,,,,,,,685,18,667,6,0,281,33,42.13,4.95,,,,,,,,,,,,,,,,,,,,,,,,,,,,,,,,,"Scheduled: Email (06 Jan 2026)",259,
260,129435088,"Retention:TrustPilotPromoCode 05.01",0,0,Scheduled,Email,,"2026-01-05 11:00","2026-01-05 11:00",,,,,,,,,,,,,,,,,,,,,,,,,,,,,,,,113,2,111,0,0,64,25,57.66,22.52,,,,,,,,,,,,,,,,,,,,,,,,,,,,,,,,,"Scheduled: Email (05 Jan 2026)",260,
261,129337820,"Retention:TrustPilotPromoCode 29.12",0,0,Scheduled,Email,,"2025-12-29 09:00","2025-12-29 09:00",,,,,,,,,,,,,,,,,,,,,,,,,,,,,,,,151,1,150,3,0,105,37,70,24.67,,,,,,,,,,,,,,,,,,,,,,,,,,,,,,,,,"Scheduled: Email (29 Dec 2025)",261,
262,129310889,"TrustPilotMonthlyBonusDecember 27.12 ",0,0,Scheduled,Email,,"2025-12-27 09:00","2025-12-27 09:00",,,,,,,,,,,,,,,,,,,,,,,,,,,,,,,,10,0,10,0,0,4,2,40,20,,,,,,,,,,,,,,,,,,,,,,,,,,,,,,,,,"Scheduled: Email (27 Dec 2025)",262,
263,129241169,"Retention:TrustPilotPromoCode 22.12",0,0,Scheduled,Email,,"2025-12-22 09:00","2025-12-22 09:00",,,,,,,,,,,,,,,,,,,,,,,,,,,,,,,,129,6,123,1,0,75,28,60.98,22.76,,,,,,,,,,,,,,,,,,,,,,,,,,,,,,,,,"Scheduled: Email (22 Dec 2025)",263,
264,129185885,HalfAdventSendout(TimeBased),0,0,Scheduled,Email,,"2025-12-19 10:00","2025-12-19 10:00",,,,,,,,,,,,,,,,,,,,,,,,,,,,,,,,950,19,931,4,0,533,226,57.25,24.27,,,,,,,,,,,,,,,,,,,,,,,,,,,,,,,,,"Scheduled: Email (19 Dec 2025)",264,
265,129168171,"TrustPilotMonthlyBonusDecember 17.12",0,0,Scheduled,Email,,"2025-12-17 09:00","2025-12-17 09:00",,,,,,,,,,,,,,,,,,,,,,,,,,,,,,,,27,0,27,0,0,11,11,40.74,40.74,,,,,,,,,,,,,,,,,,,,,,,,,,,,,,,,,"Scheduled: Email (17 Dec 2025)",265,
266,129155270,VIP:AdventTEST,0,0,Scheduled,Email,,"2025-12-16 12:00","2025-12-16 12:00",,,,,,,,,,,,,,,,,,,,,,,,,,,,,,,,2,0,2,0,0,2,0,100,0,,,,,,,,,,,,,,,,,,,,,,,,,,,,,,,,,"Scheduled: Email (16 Dec 2025)",266,
267,129153959,"Retention:TrustPilotPromoCode 16.12",0,0,Scheduled,Email,,"2025-12-16 11:00","2025-12-16 11:00",,,,,,,,,,,,,,,,,,,,,,,,,,,,,,,,130,2,128,0,0,77,26,60.16,20.31,,,,,,,,,,,,,,,,,,,,,,,,,,,,,,,,,"Scheduled: Email (16 Dec 2025)",267,
268,129096398,BotNet12.12,0,0,Scheduled,Email,,"2025-12-12 09:00","2025-12-12 09:00",,,,,,,,,,,,,,,,,,,,,,,,,,,,,,,,1820,67,1753,1,0,747,90,42.61,5.13,,,,,,,,,,,,,,,,,,,,,,,,,,,,,,,,,"Scheduled: Email (12 Dec 2025)",268,
269,129082439,"TP Sendout (royspins.com) 11.12",0,0,Scheduled,Email,,"2025-12-11 10:00","2025-12-11 10:00",,,,,,,,,,,,,,,,,,,,,,,,,,,,,,,,23,0,23,0,0,15,5,65.22,21.74,,,,,,,,,,,,,,,,,,,,,,,,,,,,,,,,,"Scheduled: Email (11 Dec 2025)",269,
270,129053571,"TP Sendout (royspins.you) 09.12",0,0,Scheduled,Email,,"2025-12-09 09:00","2025-12-09 09:00",,,,,,,,,,,,,,,,,,,,,,,,,,,,,,,,284,20,264,0,0,45,14,17.05,5.3,,,,,,,,,,,,,,,,,,,,,,,,,,,,,,,,,"Scheduled: Email (09 Dec 2025)",270,
271,129052283,"TP Sendout (royspins.com) 09.12",0,0,Scheduled,Email,,"2025-12-09 08:00","2025-12-09 08:00",,,,,,,,,,,,,,,,,,,,,,,,,,,,,,,,285,12,273,2,0,59,14,21.61,5.13,,,,,,,,,,,,,,,,,,,,,,,,,,,,,,,,,"Scheduled: Email (09 Dec 2025)",271,
272,129040742,BotNet,0,0,Scheduled,Email,,"2025-12-08 10:00","2025-12-08 10:00",,,,,,,,,,,,,,,,,,,,,,,,,,,,,,,,1170,37,1133,0,0,401,58,35.39,5.12,,,,,,,,,,,,,,,,,,,,,,,,,,,,,,,,,"Scheduled: Email (08 Dec 2025)",272,
273,129040647,TestCampaignForSupport,0,0,Scheduled,Email,,"2025-12-08 10:00","2025-12-08 10:00",,,,,,,,,,,,,,,,,,,,,,,,,,,,,,,,3,0,3,0,0,2,2,66.67,66.67,,,,,,,,,,,,,,,,,,,,,,,,,,,,,,,,,"Scheduled: Email (08 Dec 2025)",273,
274,129038370,"Retention:TrustPilotPromoCode 08.12",0,0,Scheduled,Email,,"2025-12-08 08:00","2025-12-08 08:00",,,,,,,,,,,,,,,,,,,,,,,,,,,,,,,,96,1,95,0,0,57,32,60,33.68,,,,,,,,,,,,,,,,,,,,,,,,,,,,,,,,,"Scheduled: Email (08 Dec 2025)",274,
275,128986731,"TP Sendout (royspins.bio) 04.12",0,0,Scheduled,Email,,"2025-12-04 12:00","2025-12-04 12:00",,,,,,,,,,,,,,,,,,,,,,,,,,,,,,,,191,6,185,0,0,39,4,21.08,2.16,,,,,,,,,,,,,,,,,,,,,,,,,,,,,,,,,"Scheduled: Email (04 Dec 2025)",275,
276,128986068,"TP Sendout (royspins.my) 04.12",0,0,Scheduled,Email,,"2025-12-04 11:00","2025-12-04 11:00",,,,,,,,,,,,,,,,,,,,,,,,,,,,,,,,296,6,290,1,0,73,8,25.17,2.76,,,,,,,,,,,,,,,,,,,,,,,,,,,,,,,,,"Scheduled: Email (04 Dec 2025)",276,
277,128984883,"TP Sendout (royspins.you) 04.12",0,0,Scheduled,Email,,"2025-12-04 10:00","2025-12-04 10:00",,,,,,,,,,,,,,,,,,,,,,,,,,,,,,,,323,10,313,0,0,63,17,20.13,5.43,,,,,,,,,,,,,,,,,,,,,,,,,,,,,,,,,"Scheduled: Email (04 Dec 2025)",277,
278,128984590,"TP Sendout (royspins.com) 04.12",0,0,Scheduled,Email,,"2025-12-04 10:00","2025-12-04 10:00",,,,,,,,,,,,,,,,,,,,,,,,,,,,,,,,101,11,90,0,0,8,17,8.89,18.89,,,,,,,,,,,,,,,,,,,,,,,,,,,,,,,,,"Scheduled: Email (04 Dec 2025)",278,
279,128952566,"TP Sendout (royspins.com) 02.12",0,0,Scheduled,Email,,"2025-12-02 11:00","2025-12-02 11:00",,,,,,,,,,,,,,,,,,,,,,,,,,,,,,,,116,14,102,0,0,19,8,18.63,7.84,,,,,,,,,,,,,,,,,,,,,,,,,,,,,,,,,"Scheduled: Email (02 Dec 2025)",279,
280,128950981,"TP Sendout (royspins.bio) 02.12",0,0,Scheduled,Email,,"2025-12-02 10:00","2025-12-02 10:00",,,,,,,,,,,,,,,,,,,,,,,,,,,,,,,,222,13,209,0,0,32,21,15.31,10.05,,,,,,,,,,,,,,,,,,,,,,,,,,,,,,,,,"Scheduled: Email (02 Dec 2025)",280,
281,128949371,"TP Sendout (royspins.io) 02.12",0,0,Scheduled,Email,,"2025-12-02 09:00","2025-12-02 09:00",,,,,,,,,,,,,,,,,,,,,,,,,,,,,,,,314,12,302,0,0,41,15,13.58,4.97,,,,,,,,,,,,,,,,,,,,,,,,,,,,,,,,,"Scheduled: Email (02 Dec 2025)",281,
282,128948781,"TP Sendout (royspins.you) 02.12",0,0,Scheduled,Email,,"2025-12-02 08:00","2025-12-02 08:00",,,,,,,,,,,,,,,,,,,,,,,,,,,,,,,,316,5,311,0,0,44,10,14.15,3.22,,,,,,,,,,,,,,,,,,,,,,,,,,,,,,,,,"Scheduled: Email (02 Dec 2025)",282,
283,128937090,"TP Sendout (royspins.onl) 01.12",0,0,Scheduled,Email,,"2025-12-01 12:00","2025-12-01 12:00",,,,,,,,,,,,,,,,,,,,,,,,,,,,,,,,319,8,311,0,0,65,20,20.9,6.43,,,,,,,,,,,,,,,,,,,,,,,,,,,,,,,,,"Scheduled: Email (01 Dec 2025)",283,
284,128853804,"TP Sendout (royspins.onl) 26.11",0,0,Scheduled,Email,,"2025-11-26 09:00","2025-11-26 09:00",,,,,,,,,,,,,,,,,,,,,,,,,,,,,,,,334,33,301,2,0,77,30,25.58,9.97,,,,,,,,,,,,,,,,,,,,,,,,,,,,,,,,,"Scheduled: Email (26 Nov 2025)",284,
285,128853500,"TrustPilotMonthlyBonusNovember 26.11",0,0,Scheduled,Email,,"2025-11-26 09:00","2025-11-26 09:00",,,,,,,,,,,,,,,,,,,,,,,,,,,,,,,,13,0,13,0,0,2,2,15.38,15.38,,,,,,,,,,,,,,,,,,,,,,,,,,,,,,,,,"Scheduled: Email (26 Nov 2025)",285,
286,128852012,"TP Sendout (royspins.my) 26.11",0,0,Scheduled,Email,,"2025-11-26 07:00","2025-11-26 07:00",,,,,,,,,,,,,,,,,,,,,,,,,,,,,,,,265,16,249,1,0,94,13,37.75,5.22,,,,,,,,,,,,,,,,,,,,,,,,,,,,,,,,,"Scheduled: Email (26 Nov 2025)",286,
287,128851777,"TP Sendout (royspins.sbs) 26.11",0,0,Scheduled,Email,,"2025-11-26 06:00","2025-11-26 06:00",,,,,,,,,,,,,,,,,,,,,,,,,,,,,,,,292,10,282,1,0,56,9,19.86,3.19,,,,,,,,,,,,,,,,,,,,,,,,,,,,,,,,,"Scheduled: Email (26 Nov 2025)",287,
288,128851628,"TP Sendout (royspins.io) 26.11",0,0,Scheduled,Email,,"2025-11-26 06:00","2025-11-26 06:00",,,,,,,,,,,,,,,,,,,,,,,,,,,,,,,,317,10,307,0,0,80,22,26.06,7.17,,,,,,,,,,,,,,,,,,,,,,,,,,,,,,,,,"Scheduled: Email (26 Nov 2025)",288,
289,128836462,"Retention:TrustPilotPromoCode 25.11",0,0,Scheduled,Email,,"2025-11-25 08:00","2025-11-25 08:00",,,,,,,,,,,,,,,,,,,,,,,,,,,,,,,,58,1,57,1,0,34,12,59.65,21.05,,,,,,,,,,,,,,,,,,,,,,,,,,,,,,,,,"Scheduled: Email (25 Nov 2025)",289,
290,128825948,"TP Sendout (royspins.io) 24.11",0,0,Scheduled,Email,,"2025-11-24 11:00","2025-11-24 11:00",,,,,,,,,,,,,,,,,,,,,,,,,,,,,,,,26,0,26,0,0,10,1,38.46,3.85,,,,,,,,,,,,,,,,,,,,,,,,,,,,,,,,,"Scheduled: Email (24 Nov 2025)",290,
291,128822090,Retention:TrustpilotDeposit150%Bonus24.11,0,0,Scheduled,Email,,"2025-11-24 08:00","2025-11-24 08:00",,,,,,,,,,,,,,,,,,,,,,,,,,,,,,,,291,39,252,3,0,79,13,31.35,5.16,,,,,,,,,,,,,,,,,,,,,,,,,,,,,,,,,"Scheduled: Email (24 Nov 2025)",291,
292,128761327,"TP Sendout (royspins.com) 19.11",0,0,Scheduled,Email,,"2025-11-20 09:00","2025-11-20 09:00",,,,,,,,,,,,,,,,,,,,,,,,,,,,,,,,65,1,64,0,0,15,11,23.44,17.19,,,,,,,,,,,,,,,,,,,,,,,,,,,,,,,,,"Scheduled: Email (20 Nov 2025)",292,
293,128744328,"Retention:TrustPilotPromoCode 19.11",0,0,Scheduled,Email,,"2025-11-19 10:00","2025-11-19 10:00",,,,,,,,,,,,,,,,,,,,,,,,,,,,,,,,150,4,146,1,0,87,36,59.59,24.66,,,,,,,,,,,,,,,,,,,,,,,,,,,,,,,,,"Scheduled: Email (19 Nov 2025)",293,
294,128630474,"TP Sendout (royspins.sbs) 12.11",0,0,Scheduled,Email,,"2025-11-12 11:00","2025-11-12 11:00",,,,,,,,,,,,,,,,,,,,,,,,,,,,,,,,348,2,346,0,0,135,31,39.02,8.96,,,,,,,,,,,,,,,,,,,,,,,,,,,,,,,,,"Scheduled: Email (12 Nov 2025)",294,
295,128629557,"TP Sendout (royspins.com) 12.11",0,0,Scheduled,Email,,"2025-11-12 10:00","2025-11-12 10:00",,,,,,,,,,,,,,,,,,,,,,,,,,,,,,,,340,3,337,0,0,63,40,18.69,11.87,,,,,,,,,,,,,,,,,,,,,,,,,,,,,,,,,"Scheduled: Email (12 Nov 2025)",295,
296,128628780,"TrustPilotMonthlyBonusNovembe 1st half",0,0,Scheduled,Email,,"2025-11-12 09:00","2025-11-12 09:00",,,,,,,,,,,,,,,,,,,,,,,,,,,,,,,,20,0,20,0,0,5,4,25,20,,,,,,,,,,,,,,,,,,,,,,,,,,,,,,,,,"Scheduled: Email (12 Nov 2025)",296,
297,128611793,Retention:TrustpilotDeposit150%Bonus11.11,0,0,Scheduled,Email,,"2025-11-11 10:00","2025-11-11 10:00",,,,,,,,,,,,,,,,,,,,,,,,,,,,,,,,287,15,272,1,0,82,13,30.15,4.78,,,,,,,,,,,,,,,,,,,,,,,,,,,,,,,,,"Scheduled: Email (11 Nov 2025)",297,
298,128598058,"TP Sendout (royspins-casino.in) 10.11 x2",0,0,Scheduled,Email,,"2025-11-10 11:00","2025-11-10 11:00",,,,,,,,,,,,,,,,,,,,,,,,,,,,,,,,260,17,243,1,0,43,22,17.7,9.05,,,,,,,,,,,,,,,,,,,,,,,,,,,,,,,,,"Scheduled: Email (10 Nov 2025)",298,
299,128597504,"TP Sendout (royspins-casino.in) 10.11",0,0,Scheduled,Email,,"2025-11-10 11:00","2025-11-10 11:00",,,,,,,,,,,,,,,,,,,,,,,,,,,,,,,,299,8,291,0,0,56,14,19.24,4.81,,,,,,,,,,,,,,,,,,,,,,,,,,,,,,,,,"Scheduled: Email (10 Nov 2025)",299,
300,128593650,"Retention:TrustPilotPromoCode 10.11",0,0,Scheduled,Email,,"2025-11-10 08:00","2025-11-10 08:00",,,,,,,,,,,,,,,,,,,,,,,,,,,,,,,,168,6,162,1,0,89,26,54.94,16.05,,,,,,,,,,,,,,,,,,,,,,,,,,,,,,,,,"Scheduled: Email (10 Nov 2025)",300,
301,128514597,"TP Sendout (royspins.nz) 05.11",0,0,Scheduled,Email,,"2025-11-05 12:00","2025-11-05 12:00",,,,,,,,,,,,,,,,,,,,,,,,,,,,,,,,243,16,227,0,0,127,32,55.95,14.1,,,,,,,,,,,,,,,,,,,,,,,,,,,,,,,,,"Scheduled: Email (05 Nov 2025)",301,
302,128514572,"TP Sendout (royspins.xyz) 05.11",0,0,Scheduled,Email,,"2025-11-05 12:00","2025-11-05 12:00",,,,,,,,,,,,,,,,,,,,,,,,,,,,,,,,258,26,232,1,0,101,38,43.53,16.38,,,,,,,,,,,,,,,,,,,,,,,,,,,,,,,,,"Scheduled: Email (05 Nov 2025)",302,
303,128494309,"TP Sendout (royspins.nz) 04.11",0,0,Scheduled,Email,,"2025-11-04 09:00","2025-11-04 09:00",,,,,,,,,,,,,,,,,,,,,,,,,,,,,,,,87,6,81,1,0,45,17,55.56,20.99,,,,,,,,,,,,,,,,,,,,,,,,,,,,,,,,,"Scheduled: Email (04 Nov 2025)",303,
304,128494277,"TP Sendout (royspins.com) 04.11",0,0,Scheduled,Email,,"2025-11-04 09:00","2025-11-04 09:00",,,,,,,,,,,,,,,,,,,,,,,,,,,,,,,,144,13,131,0,0,77,28,58.78,21.37,,,,,,,,,,,,,,,,,,,,,,,,,,,,,,,,,"Scheduled: Email (04 Nov 2025)",304,
305,128478189,"Retention:TrustPilotPromoCode 03.11",0,0,Scheduled,Email,,"2025-11-03 11:00","2025-11-03 11:00",,,,,,,,,,,,,,,,,,,,,,,,,,,,,,,,72,4,68,0,0,39,13,57.35,19.12,,,,,,,,,,,,,,,,,,,,,,,,,,,,,,,,,"Scheduled: Email (03 Nov 2025)",305,
306,128384580,"TP Sendout (royspins.io) 29.10",0,0,Scheduled,Email,,"2025-10-29 12:00","2025-10-29 12:00",,,,,,,,,,,,,,,,,,,,,,,,,,,,,,,,61,6,55,0,0,31,19,56.36,34.55,,,,,,,,,,,,,,,,,,,,,,,,,,,,,,,,,"Scheduled: Email (29 Oct 2025)",306,
307,128365806,"TP Sendout (royspins.com) 28.10",0,0,Scheduled,Email,,"2025-10-28 13:00","2025-10-28 13:00",,,,,,,,,,,,,,,,,,,,,,,,,,,,,,,,11,0,11,0,0,9,5,81.82,45.45,,,,,,,,,,,,,,,,,,,,,,,,,,,,,,,,,"Scheduled: Email (28 Oct 2025)",307,
308,128347390,"TP Sendout (royspins.biz) 27.10",0,0,Scheduled,Email,,"2025-10-27 12:00","2025-10-27 12:00",,,,,,,,,,,,,,,,,,,,,,,,,,,,,,,,314,26,288,2,0,163,53,56.6,18.4,,,,,,,,,,,,,,,,,,,,,,,,,,,,,,,,,"Scheduled: Email (27 Oct 2025)",308,
309,128347276,"TP Sendout (royspins.tech) 27.10",0,0,Scheduled,Email,,"2025-10-27 12:00","2025-10-27 12:00",,,,,,,,,,,,,,,,,,,,,,,,,,,,,,,,324,27,297,0,0,147,51,49.49,17.17,,,,,,,,,,,,,,,,,,,,,,,,,,,,,,,,,"Scheduled: Email (27 Oct 2025)",309,
310,128342701,"Retention:TrustPilotPromoCode 27.10",0,0,Scheduled,Email,,"2025-10-27 08:00","2025-10-27 08:00",,,,,,,,,,,,,,,,,,,,,,,,,,,,,,,,52,2,50,0,0,25,9,50,18,,,,,,,,,,,,,,,,,,,,,,,,,,,,,,,,,"Scheduled: Email (27 Oct 2025)",310,
311,128342359,TrustPilotMonthlyBonusOctoberend,0,0,Scheduled,Email,,"2025-10-27 08:00","2025-10-27 08:00",,,,,,,,,,,,,,,,,,,,,,,,,,,,,,,,13,0,13,0,0,4,3,30.77,23.08,,,,,,,,,,,,,,,,,,,,,,,,,,,,,,,,,"Scheduled: Email (27 Oct 2025)",311,
312,128256724,"Retention:TrustpilotDeposit150%Bonus20.10 Copy",0,0,Scheduled,Email,,"2025-10-22 11:00","2025-10-22 11:00",,,,,,,,,,,,,,,,,,,,,,,,,,,,,,,,89,3,86,3,0,32,6,37.21,6.98,,,,,,,,,,,,,,,,,,,,,,,,,,,,,,,,,"Scheduled: Email (22 Oct 2025)",312,
313,128235853,"TP Sendout (royspins.tech) 21.10",0,0,Scheduled,Email,,"2025-10-21 09:00","2025-10-21 09:00",,,,,,,,,,,,,,,,,,,,,,,,,,,,,,,,218,48,170,0,0,62,30,36.47,17.65,,,,,,,,,,,,,,,,,,,,,,,,,,,,,,,,,"Scheduled: Email (21 Oct 2025)",313,
314,128234829,"TP Sendout (royspins.io) 21.10",0,0,Scheduled,Email,,"2025-10-21 08:00","2025-10-21 08:00",,,,,,,,,,,,,,,,,,,,,,,,,,,,,,,,300,9,291,0,0,132,33,45.36,11.34,,,,,,,,,,,,,,,,,,,,,,,,,,,,,,,,,"Scheduled: Email (21 Oct 2025)",314,
315,128232793,"Retention:TrustPilotPromoCode 21.10",0,0,Scheduled,Email,,"2025-10-21 07:00","2025-10-21 07:00",,,,,,,,,,,,,,,,,,,,,,,,,,,,,,,,67,1,66,1,0,33,9,50,13.64,,,,,,,,,,,,,,,,,,,,,,,,,,,,,,,,,"Scheduled: Email (21 Oct 2025)",315,
316,128220835,"TP Sendout (royspins.xyz) 20.10",0,0,Scheduled,Email,,"2025-10-20 12:00","2025-10-20 12:00",,,,,,,,,,,,,,,,,,,,,,,,,,,,,,,,45,4,41,1,0,20,10,48.78,24.39,,,,,,,,,,,,,,,,,,,,,,,,,,,,,,,,,"Scheduled: Email (20 Oct 2025)",316,
317,128215866,Retention:TrustpilotDeposit150%Bonus20.10,0,0,Scheduled,Email,,"2025-10-20 08:00","2025-10-20 08:00",,,,,,,,,,,,,,,,,,,,,,,,,,,,,,,,1214,87,1127,3,0,316,37,28.04,3.28,,,,,,,,,,,,,,,,,,,,,,,,,,,,,,,,,"Scheduled: Email (20 Oct 2025)",317,
318,128151976,"TrustPilotMonthlyBonusOctober first half",0,0,Scheduled,Email,,"2025-10-16 11:00","2025-10-16 11:00",,,,,,,,,,,,,,,,,,,,,,,,,,,,,,,,25,1,24,0,0,9,7,37.5,29.17,,,,,,,,,,,,,,,,,,,,,,,,,,,,,,,,,"Scheduled: Email (16 Oct 2025)",318,
319,128132904,"Retention:TrustPilotPromoCode 15.10",0,0,Scheduled,Email,,"2025-10-15 10:00","2025-10-15 10:00",,,,,,,,,,,,,,,,,,,,,,,,,,,,,,,,60,4,56,0,0,30,6,53.57,10.71,,,,,,,,,,,,,,,,,,,,,,,,,,,,,,,,,"Scheduled: Email (15 Oct 2025)",319,
320,128095109,"TP Sendout (royspins.biz) 13.09",0,0,Scheduled,Email,,"2025-10-13 12:00","2025-10-13 12:00",,,,,,,,,,,,,,,,,,,,,,,,,,,,,,,,337,19,318,1,0,155,38,48.74,11.95,,,,,,,,,,,,,,,,,,,,,,,,,,,,,,,,,"Scheduled: Email (13 Oct 2025)",320,
321,128094864,"TP Sendout (royspins.de) 13.10",0,0,Scheduled,Email,,"2025-10-13 12:00","2025-10-13 12:00",,,,,,,,,,,,,,,,,,,,,,,,,,,,,,,,325,3,322,0,0,129,35,40.06,10.87,,,,,,,,,,,,,,,,,,,,,,,,,,,,,,,,,"Scheduled: Email (13 Oct 2025)",321,
322,128094166,"TP Sendout (royspins.bet) 13.10",0,0,Scheduled,Email,,"2025-10-13 11:00","2025-10-13 11:00",,,,,,,,,,,,,,,,,,,,,,,,,,,,,,,,305,15,290,0,0,112,32,38.62,11.03,,,,,,,,,,,,,,,,,,,,,,,,,,,,,,,,,"Scheduled: Email (13 Oct 2025)",322,
323,128091536,"Retention:TrustpilotDepositBonus13.10.2025  ",0,0,Scheduled,Email,,"2025-10-13 08:00","2025-10-13 08:00",,,,,,,,,,,,,,,,,,,,,,,,,,,,,,,,338,25,313,2,0,81,7,25.88,2.24,,,,,,,,,,,,,,,,,,,,,,,,,,,,,,,,,"Scheduled: Email (13 Oct 2025)",323,
324,128043821,"TP Sendout (royspins.nz) 10.10",0,0,Scheduled,Email,,"2025-10-10 11:00","2025-10-10 11:00",,,,,,,,,,,,,,,,,,,,,,,,,,,,,,,,229,21,208,0,0,114,47,54.81,22.6,,,,,,,,,,,,,,,,,,,,,,,,,,,,,,,,,"Scheduled: Email (10 Oct 2025)",324,
325,128043568,"TP Sendout (royspins.lt) 10.10",0,0,Scheduled,Email,,"2025-10-10 11:00","2025-10-10 11:00",,,,,,,,,,,,,,,,,,,,,,,,,,,,,,,,216,23,193,1,0,92,30,47.67,15.54,,,,,,,,,,,,,,,,,,,,,,,,,,,,,,,,,"Scheduled: Email (10 Oct 2025)",325,
326,128043392,"TP Sendout (royspins.com) 10.10",0,0,Scheduled,Email,,"2025-10-10 11:00","2025-10-10 11:00",,,,,,,,,,,,,,,,,,,,,,,,,,,,,,,,289,17,272,2,0,134,43,49.26,15.81,,,,,,,,,,,,,,,,,,,,,,,,,,,,,,,,,"Scheduled: Email (10 Oct 2025)",326,
327,128043211,"TP Sendout (royspins.lat) 10.10",0,0,Scheduled,Email,,"2025-10-10 11:00","2025-10-10 11:00",,,,,,,,,,,,,,,,,,,,,,,,,,,,,,,,320,6,314,3,0,135,48,42.99,15.29,,,,,,,,,,,,,,,,,,,,,,,,,,,,,,,,,"Scheduled: Email (10 Oct 2025)",327,
328,128043153,"TP Sendout (royspins.icu) 10.10",0,0,Scheduled,Email,,"2025-10-10 11:00","2025-10-10 11:00",,,,,,,,,,,,,,,,,,,,,,,,,,,,,,,,276,5,271,0,0,117,29,43.17,10.7,,,,,,,,,,,,,,,,,,,,,,,,,,,,,,,,,"Scheduled: Email (10 Oct 2025)",328,
329,128043003,"TP Sendout (royspins.cyou) 10.10",0,0,Scheduled,Email,,"2025-10-10 11:00","2025-10-10 11:00",,,,,,,,,,,,,,,,,,,,,,,,,,,,,,,,293,10,283,1,0,133,43,47,15.19,,,,,,,,,,,,,,,,,,,,,,,,,,,,,,,,,"Scheduled: Email (10 Oct 2025)",329,
330,128042975,"TP Sendout (royspins.de) 10.10",0,0,Scheduled,Email,,"2025-10-10 11:00","2025-10-10 11:00",,,,,,,,,,,,,,,,,,,,,,,,,,,,,,,,294,3,291,2,0,172,83,59.11,28.52,,,,,,,,,,,,,,,,,,,,,,,,,,,,,,,,,"Scheduled: Email (10 Oct 2025)",330,
331,128027089,"TP Sendout (royspins-casino.club) 09.10",0,0,Scheduled,Email,,"2025-10-09 14:00","2025-10-09 14:00",,,,,,,,,,,,,,,,,,,,,,,,,,,,,,,,341,89,252,0,0,128,43,50.79,17.06,,,,,,,,,,,,,,,,,,,,,,,,,,,,,,,,,"Scheduled: Email (09 Oct 2025)",331,
332,128024119,"TP Sendout (royspins.xyz) 09.10",0,0,Scheduled,Email,,"2025-10-09 11:00","2025-10-09 11:00",,,,,,,,,,,,,,,,,,,,,,,,,,,,,,,,330,10,320,2,0,145,52,45.31,16.25,,,,,,,,,,,,,,,,,,,,,,,,,,,,,,,,,"Scheduled: Email (09 Oct 2025)",332,
333,128023962,"TP Sendout (royspins.io) 09.10",0,0,Scheduled,Email,,"2025-10-09 10:00","2025-10-09 10:00",,,,,,,,,,,,,,,,,,,,,,,,,,,,,,,,337,7,330,0,0,132,39,40,11.82,,,,,,,,,,,,,,,,,,,,,,,,,,,,,,,,,"Scheduled: Email (09 Oct 2025)",333,
334,128023806,"TP Sendout (royspins.club) 09.10",0,0,Scheduled,Email,,"2025-10-09 10:00","2025-10-09 10:00",,,,,,,,,,,,,,,,,,,,,,,,,,,,,,,,340,5,335,0,0,143,53,42.69,15.82,,,,,,,,,,,,,,,,,,,,,,,,,,,,,,,,,"Scheduled: Email (09 Oct 2025)",334,
335,128021267,"Retention:TrustpilotDepositBonus09.10.2025 ",0,0,Scheduled,Email,,"2025-10-09 09:00","2025-10-09 09:00",,,,,,,,,,,,,,,,,,,,,,,,,,,,,,,,238,29,209,0,0,40,8,19.14,3.83,,,,,,,,,,,,,,,,,,,,,,,,,,,,,,,,,"Scheduled: Email (09 Oct 2025)",335,
336,127999946,Retention:TrustpilotDepositBonus08.10.2025,0,0,Scheduled,Email,,"2025-10-08 07:00","2025-10-08 07:00",,,,,,,,,,,,,,,,,,,,,,,,,,,,,,,,289,19,270,3,0,57,10,21.11,3.7,,,,,,,,,,,,,,,,,,,,,,,,,,,,,,,,,"Scheduled: Email (08 Oct 2025)",336,
337,127989603,"TP Sendout (royspins.my) 29.09 Copy",0,0,Scheduled,Email,,"2025-10-07 15:00","2025-10-07 15:00",,,,,,,,,,,,,,,,,,,,,,,,,,,,,,,,341,11,330,2,0,148,56,44.85,16.97,,,,,,,,,,,,,,,,,,,,,,,,,,,,,,,,,"Scheduled: Email (07 Oct 2025)",337,
338,127989456,"TP Sendout (royspins.net) 07.10",0,0,Scheduled,Email,,"2025-10-07 14:00","2025-10-07 14:00",,,,,,,,,,,,,,,,,,,,,,,,,,,,,,,,335,5,330,0,0,139,32,42.12,9.7,,,,,,,,,,,,,,,,,,,,,,,,,,,,,,,,,"Scheduled: Email (07 Oct 2025)",338,
339,127981086,Retention:TrustpilotDepositBonus07.10.2025,0,0,Scheduled,Email,,"2025-10-07 09:00","2025-10-07 09:00",,,,,,,,,,,,,,,,,,,,,,,,,,,,,,,,393,18,375,1,0,54,10,14.4,2.67,,,,,,,,,,,,,,,,,,,,,,,,,,,,,,,,,"Scheduled: Email (07 Oct 2025)",339,
340,127969278,"TP Sendout (royspins.autos) 06.10",0,0,Scheduled,Email,,"2025-10-06 13:00","2025-10-06 13:00",,,,,,,,,,,,,,,,,,,,,,,,,,,,,,,,336,7,329,1,0,126,45,38.3,13.68,,,,,,,,,,,,,,,,,,,,,,,,,,,,,,,,,"Scheduled: Email (06 Oct 2025)",340,
341,127969059,"Retention:TrustPilotPromoCode 06.10",0,0,Scheduled,Email,,"2025-10-06 12:00","2025-10-06 12:00",,,,,,,,,,,,,,,,,,,,,,,,,,,,,,,,59,5,54,1,0,30,10,55.56,18.52,,,,,,,,,,,,,,,,,,,,,,,,,,,,,,,,,"Scheduled: Email (06 Oct 2025)",341,
342,127900520,"TP Sendout (royspins.com) 02.10",0,0,Scheduled,Email,,"2025-10-02 11:00","2025-10-02 11:00",,,,,,,,,,,,,,,,,,,,,,,,,,,,,,,,68,3,65,0,0,29,6,44.62,9.23,,,,,,,,,,,,,,,,,,,,,,,,,,,,,,,,,"Scheduled: Email (02 Oct 2025)",342,
343,127882823,"TP Sendout (royspins.cyou) 01.10",0,0,Scheduled,Email,,"2025-10-01 12:00","2025-10-01 12:00",,,,,,,,,,,,,,,,,,,,,,,,,,,,,,,,216,5,211,2,0,77,14,36.49,6.64,,,,,,,,,,,,,,,,,,,,,,,,,,,,,,,,,"Scheduled: Email (01 Oct 2025)",343,
344,127882386,"TP Sendout (royspins.com) 01.10",0,0,Scheduled,Email,,"2025-10-01 11:00","2025-10-01 11:00",,,,,,,,,,,,,,,,,,,,,,,,,,,,,,,,194,3,191,1,0,83,16,43.46,8.38,,,,,,,,,,,,,,,,,,,,,,,,,,,,,,,,,"Scheduled: Email (01 Oct 2025)",344,
345,127882363,"TP Sendout (royspins.autos) 01.10",0,0,Scheduled,Email,,"2025-10-01 11:00","2025-10-01 11:00",,,,,,,,,,,,,,,,,,,,,,,,,,,,,,,,336,8,328,1,0,142,21,43.29,6.4,,,,,,,,,,,,,,,,,,,,,,,,,,,,,,,,,"Scheduled: Email (01 Oct 2025)",345,
346,127882312,"TP Sendout (royspins.nz) 01.10",0,0,Scheduled,Email,,"2025-10-01 11:00","2025-10-01 11:00",,,,,,,,,,,,,,,,,,,,,,,,,,,,,,,,319,3,316,0,0,159,32,50.32,10.13,,,,,,,,,,,,,,,,,,,,,,,,,,,,,,,,,"Scheduled: Email (01 Oct 2025)",346,
347,127863992,"TP Sendout (royspins.bet) 30.09",0,0,Scheduled,Email,,"2025-09-30 10:00","2025-09-30 10:00",,,,,,,,,,,,,,,,,,,,,,,,,,,,,,,,339,5,334,0,0,146,57,43.71,17.07,,,,,,,,,,,,,,,,,,,,,,,,,,,,,,,,,"Scheduled: Email (30 Sep 2025)",347,
348,127863880,"TP Sendout (royspins.club) 30.09",0,0,Scheduled,Email,,"2025-09-30 10:00","2025-09-30 10:00",,,,,,,,,,,,,,,,,,,,,,,,,,,,,,,,208,5,203,0,0,81,22,39.9,10.84,,,,,,,,,,,,,,,,,,,,,,,,,,,,,,,,,"Scheduled: Email (30 Sep 2025)",348,
349,127863735,"TP Sendout (royspins.cyou) 30.09",0,0,Scheduled,Email,,"2025-09-30 10:00","2025-09-30 10:00",,,,,,,,,,,,,,,,,,,,,,,,,,,,,,,,323,7,316,1,0,146,37,46.2,11.71,,,,,,,,,,,,,,,,,,,,,,,,,,,,,,,,,"Scheduled: Email (30 Sep 2025)",349,
350,127863165,"TP Sendout (royspins.xyz) 30.09",0,0,Scheduled,Email,,"2025-09-30 10:00","2025-09-30 10:00",,,,,,,,,,,,,,,,,,,,,,,,,,,,,,,,345,14,331,0,0,122,18,36.86,5.44,,,,,,,,,,,,,,,,,,,,,,,,,,,,,,,,,"Scheduled: Email (30 Sep 2025)",350,
351,127862521,"TP Sendout (royspins.com) 30.09",0,0,Scheduled,Email,,"2025-09-30 09:00","2025-09-30 09:00",,,,,,,,,,,,,,,,,,,,,,,,,,,,,,,,339,16,323,4,0,120,36,37.15,11.15,,,,,,,,,,,,,,,,,,,,,,,,,,,,,,,,,"Scheduled: Email (30 Sep 2025)",351,
352,127847722,"Retention:TrustPilotPromoCode 29.09",0,0,Scheduled,Email,,"2025-09-29 11:00","2025-09-29 11:00",,,,,,,,,,,,,,,,,,,,,,,,,,,,,,,,38,2,36,0,0,22,6,61.11,16.67,,,,,,,,,,,,,,,,,,,,,,,,,,,,,,,,,"Scheduled: Email (29 Sep 2025)",352,
353,127847223,"TP Sendout (royspins.lt) 29.09",0,0,Scheduled,Email,,"2025-09-29 10:00","2025-09-29 10:00",,,,,,,,,,,,,,,,,,,,,,,,,,,,,,,,292,5,287,0,0,112,22,39.02,7.67,,,,,,,,,,,,,,,,,,,,,,,,,,,,,,,,,"Scheduled: Email (29 Sep 2025)",353,
354,127847014,"TP Sendout (royspins.lol) 29.09",0,0,Scheduled,Email,,"2025-09-29 10:00","2025-09-29 10:00",,,,,,,,,,,,,,,,,,,,,,,,,,,,,,,,335,14,321,4,0,125,25,38.94,7.79,,,,,,,,,,,,,,,,,,,,,,,,,,,,,,,,,"Scheduled: Email (29 Sep 2025)",354,
355,127846220,"TP Sendout (royspins.cyou) 29.09",0,0,Scheduled,Email,,"2025-09-29 10:00","2025-09-29 10:00",,,,,,,,,,,,,,,,,,,,,,,,,,,,,,,,342,3,339,0,0,124,35,36.58,10.32,,,,,,,,,,,,,,,,,,,,,,,,,,,,,,,,,"Scheduled: Email (29 Sep 2025)",355,
356,127846115,"TP Sendout (royspins.quest) 29.09",0,0,Scheduled,Email,,"2025-09-29 09:00","2025-09-29 09:00",,,,,,,,,,,,,,,,,,,,,,,,,,,,,,,,332,6,326,3,0,137,27,42.02,8.28,,,,,,,,,,,,,,,,,,,,,,,,,,,,,,,,,"Scheduled: Email (29 Sep 2025)",356,
357,127846010,"TP Sendout (royspins.co) 29.09",0,0,Scheduled,Email,,"2025-09-29 09:00","2025-09-29 09:00",,,,,,,,,,,,,,,,,,,,,,,,,,,,,,,,273,4,269,1,0,118,28,43.87,10.41,,,,,,,,,,,,,,,,,,,,,,,,,,,,,,,,,"Scheduled: Email (29 Sep 2025)",357,
358,127845732,"TP Sendout (royspins.net) 29.09",0,0,Scheduled,Email,,"2025-09-29 09:00","2025-09-29 09:00",,,,,,,,,,,,,,,,,,,,,,,,,,,,,,,,127,2,125,1,0,70,11,56,8.8,,,,,,,,,,,,,,,,,,,,,,,,,,,,,,,,,"Scheduled: Email (29 Sep 2025)",358,
359,127844308,"TP Sendout (royspins.de) 29.09",0,0,Scheduled,Email,,"2025-09-29 08:00","2025-09-29 08:00",,,,,,,,,,,,,,,,,,,,,,,,,,,,,,,,224,3,221,2,0,107,29,48.42,13.12,,,,,,,,,,,,,,,,,,,,,,,,,,,,,,,,,"Scheduled: Email (29 Sep 2025)",359,
360,127844071,"TP Sendout (royspins.club) 29.09",0,0,Scheduled,Email,,"2025-09-29 08:00","2025-09-29 08:00",,,,,,,,,,,,,,,,,,,,,,,,,,,,,,,,341,12,329,0,0,142,38,43.16,11.55,,,,,,,,,,,,,,,,,,,,,,,,,,,,,,,,,"Scheduled: Email (29 Sep 2025)",360,
361,127843537,"TP Sendout (royspins.my) 29.09",0,0,Scheduled,Email,,"2025-09-29 07:00","2025-09-29 07:00",,,,,,,,,,,,,,,,,,,,,,,,,,,,,,,,327,21,306,1,0,114,25,37.25,8.17,,,,,,,,,,,,,,,,,,,,,,,,,,,,,,,,,"Scheduled: Email (29 Sep 2025)",361,
362,127785435,TrustPilotMonthlyBonusSeptember,0,0,Scheduled,Email,,"2025-09-25 08:00","2025-09-25 08:00",,,,,,,,,,,,,,,,,,,,,,,,,,,,,,,,42,1,41,0,0,16,10,39.02,24.39,,,,,,,,,,,,,,,,,,,,,,,,,,,,,,,,,"Scheduled: Email (25 Sep 2025)",362,
363,127767417,"TP Sendout (royspins.co) 24.09",0,0,Scheduled,Email,,"2025-09-24 11:00","2025-09-24 11:00",,,,,,,,,,,,,,,,,,,,,,,,,,,,,,,,18,0,18,1,0,13,3,72.22,16.67,,,,,,,,,,,,,,,,,,,,,,,,,,,,,,,,,"Scheduled: Email (24 Sep 2025)",363,
364,127763806,"TP Sendout (royspins.lt) 24.09",0,0,Scheduled,Email,,"2025-09-24 08:00","2025-09-24 08:00",,,,,,,,,,,,,,,,,,,,,,,,,,,,,,,,27,0,27,0,0,13,3,48.15,11.11,,,,,,,,,,,,,,,,,,,,,,,,,,,,,,,,,"Scheduled: Email (24 Sep 2025)",364,
365,127763726,"TP Sendout (royspins.icu) 24.09",0,0,Scheduled,Email,,"2025-09-24 08:00","2025-09-24 08:00",,,,,,,,,,,,,,,,,,,,,,,,,,,,,,,,202,3,199,2,0,94,14,47.24,7.04,,,,,,,,,,,,,,,,,,,,,,,,,,,,,,,,,"Scheduled: Email (24 Sep 2025)",365,
366,127752802,"TP Sendout (royspins.bet) 23.09x2",0,0,Scheduled,Email,,"2025-09-23 11:00","2025-09-23 11:00",,,,,,,,,,,,,,,,,,,,,,,,,,,,,,,,336,17,319,1,0,108,14,33.86,4.39,,,,,,,,,,,,,,,,,,,,,,,,,,,,,,,,,"Scheduled: Email (23 Sep 2025)",366,
367,127752615,"TP Sendout (royspins.lt) 23.09",0,0,Scheduled,Email,,"2025-09-23 10:00","2025-09-23 10:00",,,,,,,,,,,,,,,,,,,,,,,,,,,,,,,,345,18,327,0,0,117,10,35.78,3.06,,,,,,,,,,,,,,,,,,,,,,,,,,,,,,,,,"Scheduled: Email (23 Sep 2025)",367,
368,127752299,"TP Sendout (royspins.bet) 23.09",0,0,Scheduled,Email,,"2025-09-23 10:00","2025-09-23 10:00",,,,,,,,,,,,,,,,,,,,,,,,,,,,,,,,67,7,60,1,0,33,8,55,13.33,,,,,,,,,,,,,,,,,,,,,,,,,,,,,,,,,"Scheduled: Email (23 Sep 2025)",368,
369,127751973,"TP Sendout (royspins.sbs) 23.09",0,0,Scheduled,Email,,"2025-09-23 10:00","2025-09-23 10:00",,,,,,,,,,,,,,,,,,,,,,,,,,,,,,,,301,8,293,1,0,168,52,57.34,17.75,,,,,,,,,,,,,,,,,,,,,,,,,,,,,,,,,"Scheduled: Email (23 Sep 2025)",369,
370,127735871,"Retention:TrustPilotPromoCode 22.09",0,0,Scheduled,Email,,"2025-09-22 12:00","2025-09-22 12:00",,,,,,,,,,,,,,,,,,,,,,,,,,,,,,,,48,0,48,0,0,25,8,52.08,16.67,,,,,,,,,,,,,,,,,,,,,,,,,,,,,,,,,"Scheduled: Email (22 Sep 2025)",370,
371,127734993,"TP Sendout (royspins.lol) 22.09",0,0,Scheduled,Email,,"2025-09-22 11:00","2025-09-22 11:00",,,,,,,,,,,,,,,,,,,,,,,,,,,,,,,,249,28,221,0,0,43,15,19.46,6.79,,,,,,,,,,,,,,,,,,,,,,,,,,,,,,,,,"Scheduled: Email (22 Sep 2025)",371,
372,127734864,"TP Sendout (royspins.com) 22.09",0,0,Scheduled,Email,,"2025-09-22 11:00","2025-09-22 11:00",,,,,,,,,,,,,,,,,,,,,,,,,,,,,,,,306,36,270,1,1,39,22,14.44,8.15,,,,,,,,,,,,,,,,,,,,,,,,,,,,,,,,,"Scheduled: Email (22 Sep 2025)",372,
373,127734775,"TP Sendout (royspins.my) 22.09",0,0,Scheduled,Email,,"2025-09-22 11:00","2025-09-22 11:00",,,,,,,,,,,,,,,,,,,,,,,,,,,,,,,,199,14,185,0,0,113,37,61.08,20,,,,,,,,,,,,,,,,,,,,,,,,,,,,,,,,,"Scheduled: Email (22 Sep 2025)",373,
374,127647885,"TP Sendout (royspins.icu) 17.09",0,0,Scheduled,Email,,"2025-09-17 12:00","2025-09-17 12:00",,,,,,,,,,,,,,,,,,,,,,,,,,,,,,,,117,13,104,0,0,50,20,48.08,19.23,,,,,,,,,,,,,,,,,,,,,,,,,,,,,,,,,"Scheduled: Email (17 Sep 2025)",374,
375,127647430,"TP Sendout (royspins.club) 17.09",0,0,Scheduled,Email,,"2025-09-17 11:00","2025-09-17 11:00",,,,,,,,,,,,,,,,,,,,,,,,,,,,,,,,195,14,181,0,0,110,41,60.77,22.65,,,,,,,,,,,,,,,,,,,,,,,,,,,,,,,,,"Scheduled: Email (17 Sep 2025)",375,
376,127647305,"TP Sendout (royspins.com) 17.09",0,0,Scheduled,Email,,"2025-09-17 11:00","2025-09-17 11:00",,,,,,,,,,,,,,,,,,,,,,,,,,,,,,,,39,1,38,0,0,21,11,55.26,28.95,,,,,,,,,,,,,,,,,,,,,,,,,,,,,,,,,"Scheduled: Email (17 Sep 2025)",376,
377,127607736,"Retention:TrustPilotPromoCode 15.09",0,0,Scheduled,Email,,"2025-09-15 12:00","2025-09-15 12:00",,,,,,,,,,,,,,,,,,,,,,,,,,,,,,,,164,8,156,2,0,90,29,57.69,18.59,,,,,,,,,,,,,,,,,,,,,,,,,,,,,,,,,"Scheduled: Email (15 Sep 2025)",377,
378,127525494,"TP Sendout (royspins.cfd) 10.09",0,0,Scheduled,Email,,"2025-09-10 14:00","2025-09-10 14:00",,,,,,,,,,,,,,,,,,,,,,,,,,,,,,,,327,84,243,3,0,96,31,39.51,12.76,,,,,,,,,,,,,,,,,,,,,,,,,,,,,,,,,"Scheduled: Email (10 Sep 2025)",378,
379,127525246,"TP Sendout (royspins.com) 10.09",0,0,Scheduled,Email,,"2025-09-10 13:00","2025-09-10 13:00",,,,,,,,,,,,,,,,,,,,,,,,,,,,,,,,330,62,268,0,0,139,56,51.87,20.9,,,,,,,,,,,,,,,,,,,,,,,,,,,,,,,,,"Scheduled: Email (10 Sep 2025)",379,
380,127525124,"TP Sendout (royspins.net) 10.09",0,0,Scheduled,Email,,"2025-09-10 13:00","2025-09-10 13:00",,,,,,,,,,,,,,,,,,,,,,,,,,,,,,,,183,12,171,2,0,106,39,61.99,22.81,,,,,,,,,,,,,,,,,,,,,,,,,,,,,,,,,"Scheduled: Email (10 Sep 2025)",380,
381,127490621,"TP Sendout (royspins.com) 08.09",0,0,Scheduled,Email,,"2025-09-08 12:00","2025-09-08 12:00",,,,,,,,,,,,,,,,,,,,,,,,,,,,,,,,301,20,281,0,0,61,41,21.71,14.59,,,,,,,,,,,,,,,,,,,,,,,,,,,,,,,,,"Scheduled: Email (08 Sep 2025)",381,
382,127490472,"TP Sendout (royspins.club) 08.09",0,0,Scheduled,Email,,"2025-09-08 12:00","2025-09-08 12:00",,,,,,,,,,,,,,,,,,,,,,,,,,,,,,,,220,9,211,2,0,54,24,25.59,11.37,,,,,,,,,,,,,,,,,,,,,,,,,,,,,,,,,"Scheduled: Email (08 Sep 2025)",382,
383,127490200,"TP Sendout (royspins.biz) 08.09",0,0,Scheduled,Email,,"2025-09-08 12:00","2025-09-08 12:00",,,,,,,,,,,,,,,,,,,,,,,,,,,,,,,,245,13,232,0,0,55,28,23.71,12.07,,,,,,,,,,,,,,,,,,,,,,,,,,,,,,,,,"Scheduled: Email (08 Sep 2025)",383,
384,127406422,"TP Sendout (royspins.cfd) 03.09",0,0,Scheduled,Email,,"2025-09-03 11:00","2025-09-03 11:00",,,,,,,,,,,,,,,,,,,,,,,,,,,,,,,,315,36,279,3,0,131,55,46.95,19.71,,,,,,,,,,,,,,,,,,,,,,,,,,,,,,,,,"Scheduled: Email (03 Sep 2025)",384,
385,127406325,"TP Sendout (royspins.lat) 03.09",0,0,Scheduled,Email,,"2025-09-03 11:00","2025-09-03 11:00",,,,,,,,,,,,,,,,,,,,,,,,,,,,,,,,598,28,570,0,0,265,54,46.49,9.47,,,,,,,,,,,,,,,,,,,,,,,,,,,,,,,,,"Scheduled: Email (03 Sep 2025)",385,
386,127404969,"TP Sendout (royspins.lol) 03.09",0,0,Scheduled,Email,,"2025-09-03 09:00","2025-09-03 09:00",,,,,,,,,,,,,,,,,,,,,,,,,,,,,,,,260,19,241,0,0,124,46,51.45,19.09,,,,,,,,,,,,,,,,,,,,,,,,,,,,,,,,,"Scheduled: Email (03 Sep 2025)",386,
387,127404879,"TP Sendout (royspins.pics) 03.09",0,0,Scheduled,Email,,"2025-09-03 09:00","2025-09-03 09:00",,,,,,,,,,,,,,,,,,,,,,,,,,,,,,,,236,6,230,0,0,156,60,67.83,26.09,,,,,,,,,,,,,,,,,,,,,,,,,,,,,,,,,"Scheduled: Email (03 Sep 2025)",387,
388,127371131,"TP Sendout (royspins.net) 01.09",0,0,Scheduled,Email,,"2025-09-01 12:00","2025-09-01 12:00",,,,,,,,,,,,,,,,,,,,,,,,,,,,,,,,327,24,303,1,0,180,86,59.41,28.38,,,,,,,,,,,,,,,,,,,,,,,,,,,,,,,,,"Scheduled: Email (01 Sep 2025)",388,
389,127371016,"TP Sendout (royspins.de) 01.09",0,0,Scheduled,Email,,"2025-09-01 12:00","2025-09-01 12:00",,,,,,,,,,,,,,,,,,,,,,,,,,,,,,,,356,34,322,1,0,191,81,59.32,25.16,,,,,,,,,,,,,,,,,,,,,,,,,,,,,,,,,"Scheduled: Email (01 Sep 2025)",389,
390,127370743,"TP Sendout (royspins.pics) 01.09",0,0,Scheduled,Email,,"2025-09-01 12:00","2025-09-01 12:00",,,,,,,,,,,,,,,,,,,,,,,,,,,,,,,,488,21,467,3,0,278,97,59.53,20.77,,,,,,,,,,,,,,,,,,,,,,,,,,,,,,,,,"Scheduled: Email (01 Sep 2025)",390,
391,127282716,"TP Sendout (royspins.com) 27.08",0,0,Scheduled,Email,,"2025-08-27 09:00","2025-08-27 09:00",,,,,,,,,,,,,,,,,,,,,,,,,,,,,,,,196,25,171,0,0,88,35,51.46,20.47,,,,,,,,,,,,,,,,,,,,,,,,,,,,,,,,,"Scheduled: Email (27 Aug 2025)",391,
392,127282555,"TP Sendout (royspins-casino.sbs) 27.08",0,0,Scheduled,Email,,"2025-08-27 09:00","2025-08-27 09:00",,,,,,,,,,,,,,,,,,,,,,,,,,,,,,,,290,37,253,1,0,122,56,48.22,22.13,,,,,,,,,,,,,,,,,,,,,,,,,,,,,,,,,"Scheduled: Email (27 Aug 2025)",392,
393,127281820,TrustPilotMonthlyBonusAugust,0,0,Scheduled,Email,,"2025-08-27 08:00","2025-08-27 08:00",,,,,,,,,,,,,,,,,,,,,,,,,,,,,,,,38,2,36,0,0,17,9,47.22,25,,,,,,,,,,,,,,,,,,,,,,,,,,,,,,,,,"Scheduled: Email (27 Aug 2025)",393,
394,127251901,"Retention:TrustPilotPromoCode 25.08",0,0,Scheduled,Email,,"2025-08-25 13:00","2025-08-25 13:00",,,,,,,,,,,,,,,,,,,,,,,,,,,,,,,,36,3,33,1,0,18,7,54.55,21.21,,,,,,,,,,,,,,,,,,,,,,,,,,,,,,,,,"Scheduled: Email (25 Aug 2025)",394,
395,127251417,"TP Sendout (royspins-casino.sbs) 25.08x2",0,0,Scheduled,Email,,"2025-08-25 12:00","2025-08-25 12:00",,,,,,,,,,,,,,,,,,,,,,,,,,,,,,,,34,1,33,1,0,20,11,60.61,33.33,,,,,,,,,,,,,,,,,,,,,,,,,,,,,,,,,"Scheduled: Email (25 Aug 2025)",395,
396,127249532,"TP Sendout (royspins-casino.sbs) 25.08",0,0,Scheduled,Email,,"2025-08-25 10:00","2025-08-25 10:00",,,,,,,,,,,,,,,,,,,,,,,,,,,,,,,,78,3,75,1,0,43,13,57.33,17.33,,,,,,,,,,,,,,,,,,,,,,,,,,,,,,,,,"Scheduled: Email (25 Aug 2025)",396,
397,127245669,"TP Sendout (royspins.pics) 25.08",0,0,Scheduled,Email,,"2025-08-25 07:00","2025-08-25 07:00",,,,,,,,,,,,,,,,,,,,,,,,,,,,,,,,71,1,70,0,0,45,27,64.29,38.57,,,,,,,,,,,,,,,,,,,,,,,,,,,,,,,,,"Scheduled: Email (25 Aug 2025)",397,
398,127180598,"Retention:TrustPilotPromoCode 21.08",0,0,Scheduled,Email,,"2025-08-21 09:00","2025-08-21 09:00",,,,,,,,,,,,,,,,,,,,,,,,,,,,,,,,107,16,91,0,0,48,19,52.75,20.88,,,,,,,,,,,,,,,,,,,,,,,,,,,,,,,,,"Scheduled: Email (21 Aug 2025)",398,
399,127026345,"TP Sendout (royspins.co) 12.08",0,0,Scheduled,Email,,"2025-08-12 12:00","2025-08-12 12:00",,,,,,,,,,,,,,,,,,,,,,,,,,,,,,,,307,1,306,2,0,247,105,80.72,34.31,,,,,,,,,,,,,,,,,,,,,,,,,,,,,,,,,"Scheduled: Email (12 Aug 2025)",399,
400,127026258,"TP Sendout (royspins.quest) 12.08",0,0,Scheduled,Email,,"2025-08-12 12:00","2025-08-12 12:00",,,,,,,,,,,,,,,,,,,,,,,,,,,,,,,,312,1,311,1,0,235,84,75.56,27.01,,,,,,,,,,,,,,,,,,,,,,,,,,,,,,,,,"Scheduled: Email (12 Aug 2025)",400,
401,127025962,"TP Sendout (royspins.com) 12.08",0,0,Scheduled,Email,,"2025-08-12 12:00","2025-08-12 12:00",,,,,,,,,,,,,,,,,,,,,,,,,,,,,,,,339,12,327,1,0,206,53,63,16.21,,,,,,,,,,,,,,,,,,,,,,,,,,,,,,,,,"Scheduled: Email (12 Aug 2025)",401,
402,127025918,"TP Sendout (royspins.xyz) 12.08",0,0,Scheduled,Email,,"2025-08-12 12:00","2025-08-12 12:00",,,,,,,,,,,,,,,,,,,,,,,,,,,,,,,,317,0,317,0,0,273,73,86.12,23.03,,,,,,,,,,,,,,,,,,,,,,,,,,,,,,,,,"Scheduled: Email (12 Aug 2025)",402,
403,127009526,"TP Sendout (royspins.icu) 11.08x2",0,0,Scheduled,Email,,"2025-08-11 12:00","2025-08-11 12:00",,,,,,,,,,,,,,,,,,,,,,,,,,,,,,,,198,5,193,0,0,103,46,53.37,23.83,,,,,,,,,,,,,,,,,,,,,,,,,,,,,,,,,"Scheduled: Email (11 Aug 2025)",403,
404,127009161,"TP Sendout (royspins.autos) 11.08",0,0,Scheduled,Email,,"2025-08-11 11:00","2025-08-11 11:00",,,,,,,,,,,,,,,,,,,,,,,,,,,,,,,,198,1,197,1,0,94,28,47.72,14.21,,,,,,,,,,,,,,,,,,,,,,,,,,,,,,,,,"Scheduled: Email (11 Aug 2025)",404,
405,127008852,"TP Sendout (royspins.pics) 11.08",0,0,Scheduled,Email,,"2025-08-11 10:00","2025-08-11 10:00",,,,,,,,,,,,,,,,,,,,,,,,,,,,,,,,263,35,228,0,0,58,22,25.44,9.65,,,,,,,,,,,,,,,,,,,,,,,,,,,,,,,,,"Scheduled: Email (11 Aug 2025)",405,
406,127008719,"TP Sendout (royspins.icu) 11.08",0,0,Scheduled,Email,,"2025-08-11 10:00","2025-08-11 10:00",,,,,,,,,,,,,,,,,,,,,,,,,,,,,,,,34,0,34,0,0,22,11,64.71,32.35,,,,,,,,,,,,,,,,,,,,,,,,,,,,,,,,,"Scheduled: Email (11 Aug 2025)",406,
407,127008685,"TP Sendout (royspins.com) 11.08",0,0,Scheduled,Email,,"2025-08-11 10:00","2025-08-11 10:00",,,,,,,,,,,,,,,,,,,,,,,,,,,,,,,,31,0,31,1,0,23,13,74.19,41.94,,,,,,,,,,,,,,,,,,,,,,,,,,,,,,,,,"Scheduled: Email (11 Aug 2025)",407,
408,126943795,"TP Sendout (royspins.de) 07.08",0,0,Scheduled,Email,,"2025-08-07 10:00","2025-08-07 10:00",,,,,,,,,,,,,,,,,,,,,,,,,,,,,,,,343,21,322,2,0,169,48,52.48,14.91,,,,,,,,,,,,,,,,,,,,,,,,,,,,,,,,,"Scheduled: Email (07 Aug 2025)",408,
409,126943733,"TP Sendout (royspins.cyou) 07.08",0,0,Scheduled,Email,,"2025-08-07 10:00","2025-08-07 10:00",,,,,,,,,,,,,,,,,,,,,,,,,,,,,,,,249,15,234,0,0,58,11,24.79,4.7,,,,,,,,,,,,,,,,,,,,,,,,,,,,,,,,,"Scheduled: Email (07 Aug 2025)",409,
410,126943009,"TP Sendout (royspins.icu) 07.08",0,0,Scheduled,Email,,"2025-08-07 09:00","2025-08-07 09:00",,,,,,,,,,,,,,,,,,,,,,,,,,,,,,,,248,6,242,0,0,71,24,29.34,9.92,,,,,,,,,,,,,,,,,,,,,,,,,,,,,,,,,"Scheduled: Email (07 Aug 2025)",410,
411,126928467,"TP Sendout (royspins.com) 06.08",0,0,Scheduled,Email,,"2025-08-06 12:00","2025-08-06 12:00",,,,,,,,,,,,,,,,,,,,,,,,,,,,,,,,47,2,45,1,0,17,10,37.78,22.22,,,,,,,,,,,,,,,,,,,,,,,,,,,,,,,,,"Scheduled: Email (06 Aug 2025)",411,
412,126928201,"TP Sendout (royspins.autos) 06.08",0,0,Scheduled,Email,,"2025-08-06 12:00","2025-08-06 12:00",,,,,,,,,,,,,,,,,,,,,,,,,,,,,,,,201,11,190,0,0,49,8,25.79,4.21,,,,,,,,,,,,,,,,,,,,,,,,,,,,,,,,,"Scheduled: Email (06 Aug 2025)",412,
413,126928158,"TP Sendout (royspins.club) 06.08",0,0,Scheduled,Email,,"2025-08-06 12:00","2025-08-06 12:00",,,,,,,,,,,,,,,,,,,,,,,,,,,,,,,,322,23,299,0,0,56,5,18.73,1.67,,,,,,,,,,,,,,,,,,,,,,,,,,,,,,,,,"Scheduled: Email (06 Aug 2025)",413,
414,126927909,"TP Sendout (royspins.pics) 06.08",0,0,Scheduled,Email,,"2025-08-06 11:00","2025-08-06 11:00",,,,,,,,,,,,,,,,,,,,,,,,,,,,,,,,315,23,292,0,0,69,7,23.63,2.4,,,,,,,,,,,,,,,,,,,,,,,,,,,,,,,,,"Scheduled: Email (06 Aug 2025)",414,
415,126912683,"TP Sendout (royspins.quest) 05.08",0,0,Scheduled,Email,,"2025-08-05 11:00","2025-08-05 11:00",,,,,,,,,,,,,,,,,,,,,,,,,,,,,,,,239,22,217,0,0,60,13,27.65,5.99,,,,,,,,,,,,,,,,,,,,,,,,,,,,,,,,,"Scheduled: Email (05 Aug 2025)",415,
416,126912468,"TP Sendout (royspins.cfd) 05.08",0,0,Scheduled,Email,,"2025-08-05 10:00","2025-08-05 10:00",,,,,,,,,,,,,,,,,,,,,,,,,,,,,,,,242,11,231,1,0,57,10,24.68,4.33,,,,,,,,,,,,,,,,,,,,,,,,,,,,,,,,,"Scheduled: Email (05 Aug 2025)",416,
417,126912366,"TP Sendout (royspins.lt) 05.08",0,0,Scheduled,Email,,"2025-08-05 10:00","2025-08-05 10:00",,,,,,,,,,,,,,,,,,,,,,,,,,,,,,,,234,3,231,1,0,83,24,35.93,10.39,,,,,,,,,,,,,,,,,,,,,,,,,,,,,,,,,"Scheduled: Email (05 Aug 2025)",417,
418,126912313,"TP Sendout (royspins.lol) 05.08",0,0,Scheduled,Email,,"2025-08-05 10:00","2025-08-05 10:00",,,,,,,,,,,,,,,,,,,,,,,,,,,,,,,,248,4,244,0,0,92,23,37.7,9.43,,,,,,,,,,,,,,,,,,,,,,,,,,,,,,,,,"Scheduled: Email (05 Aug 2025)",418,
419,126911424,"Retention:TrustPilotPromoCode 05.08",0,0,Scheduled,Email,,"2025-08-05 09:00","2025-08-05 09:00",,,,,,,,,,,,,,,,,,,,,,,,,,,,,,,,45,0,45,2,0,23,8,51.11,17.78,,,,,,,,,,,,,,,,,,,,,,,,,,,,,,,,,"Scheduled: Email (05 Aug 2025)",419,
420,126897979,"TP Sendout (royspins.pics) 04.08",0,0,Scheduled,Email,,"2025-08-04 10:00","2025-08-04 10:00",,,,,,,,,,,,,,,,,,,,,,,,,,,,,,,,262,15,247,0,0,55,9,22.27,3.64,,,,,,,,,,,,,,,,,,,,,,,,,,,,,,,,,"Scheduled: Email (04 Aug 2025)",420,
421,126897932,"TP Sendout (royspins.lat) 04.08",0,0,Scheduled,Email,,"2025-08-04 10:00","2025-08-04 10:00",,,,,,,,,,,,,,,,,,,,,,,,,,,,,,,,295,30,265,1,0,28,18,10.57,6.79,,,,,,,,,,,,,,,,,,,,,,,,,,,,,,,,,"Scheduled: Email (04 Aug 2025)",421,
422,126897884,"TrustpilotSendout (royspins.bet) 04.08",0,0,Scheduled,Email,,"2025-08-04 10:00","2025-08-04 10:00",,,,,,,,,,,,,,,,,,,,,,,,,,,,,,,,318,3,315,0,0,91,31,28.89,9.84,,,,,,,,,,,,,,,,,,,,,,,,,,,,,,,,,"Scheduled: Email (04 Aug 2025)",422,
423,126897755,"TP Sendout (royspins.biz) 04.08",0,0,Scheduled,Email,,"2025-08-04 10:00","2025-08-04 10:00",,,,,,,,,,,,,,,,,,,,,,,,,,,,,,,,134,2,132,1,0,35,12,26.52,9.09,,,,,,,,,,,,,,,,,,,,,,,,,,,,,,,,,"Scheduled: Email (04 Aug 2025)",423,
424,126897074,"TP Sendout (royspins.com) 04.08",0,0,Scheduled,Email,,"2025-08-04 09:00","2025-08-04 09:00",,,,,,,,,,,,,,,,,,,,,,,,,,,,,,,,110,2,108,0,0,37,16,34.26,14.81,,,,,,,,,,,,,,,,,,,,,,,,,,,,,,,,,"Scheduled: Email (04 Aug 2025)",424,
425,126824154,"TP Sendout (royspins.club) 30.07",0,0,Scheduled,Email,,"2025-07-30 12:00","2025-07-30 12:00",,,,,,,,,,,,,,,,,,,,,,,,,,,,,,,,251,12,239,1,0,65,9,27.2,3.77,,,,,,,,,,,,,,,,,,,,,,,,,,,,,,,,,"Scheduled: Email (30 Jul 2025)",425,
426,126823810,"TP Sendout (royspins.pics) 30.07",0,0,Scheduled,Email,,"2025-07-30 11:00","2025-07-30 11:00",,,,,,,,,,,,,,,,,,,,,,,,,,,,,,,,332,21,311,1,0,70,15,22.51,4.82,,,,,,,,,,,,,,,,,,,,,,,,,,,,,,,,,"Scheduled: Email (30 Jul 2025)",426,
427,126823647,"TP Sendout (royspins.autos) 30.07",0,0,Scheduled,Email,,"2025-07-30 11:00","2025-07-30 11:00",,,,,,,,,,,,,,,,,,,,,,,,,,,,,,,,345,16,329,0,0,87,12,26.44,3.65,,,,,,,,,,,,,,,,,,,,,,,,,,,,,,,,,"Scheduled: Email (30 Jul 2025)",427,
428,126807939,"Retention:TrustPilotPromoCode 29.07",0,0,Scheduled,Email,,"2025-07-29 10:00","2025-07-29 10:00",,,,,,,,,,,,,,,,,,,,,,,,,,,,,,,,48,2,46,0,0,21,8,45.65,17.39,,,,,,,,,,,,,,,,,,,,,,,,,,,,,,,,,"Scheduled: Email (29 Jul 2025)",428,
429,126807715,"TP Sendout (royspins.cyou) 29.07",0,0,Scheduled,Email,,"2025-07-29 10:00","2025-07-29 10:00",,,,,,,,,,,,,,,,,,,,,,,,,,,,,,,,220,12,208,0,0,32,16,15.38,7.69,,,,,,,,,,,,,,,,,,,,,,,,,,,,,,,,,"Scheduled: Email (29 Jul 2025)",429,
430,126806833,"TP Sendout (royspins.co) 29.07",0,0,Scheduled,Email,,"2025-07-29 09:00","2025-07-29 09:00",,,,,,,,,,,,,,,,,,,,,,,,,,,,,,,,58,2,56,0,0,20,8,35.71,14.29,,,,,,,,,,,,,,,,,,,,,,,,,,,,,,,,,"Scheduled: Email (29 Jul 2025)",430,
431,126806671,"TP Sendout (royspins.icu) 29.07",0,0,Scheduled,Email,,"2025-07-29 09:00","2025-07-29 09:00",,,,,,,,,,,,,,,,,,,,,,,,,,,,,,,,339,14,325,1,0,77,19,23.69,5.85,,,,,,,,,,,,,,,,,,,,,,,,,,,,,,,,,"Scheduled: Email (29 Jul 2025)",431,
432,126806609,"TP Sendout (royspins.de) 29.07",0,0,Scheduled,Email,,"2025-07-29 09:00","2025-07-29 09:00",,,,,,,,,,,,,,,,,,,,,,,,,,,,,,,,347,11,336,0,0,37,18,11.01,5.36,,,,,,,,,,,,,,,,,,,,,,,,,,,,,,,,,"Scheduled: Email (29 Jul 2025)",432,
433,126791450,TrustPilotMonthlyBonus28.07,0,0,Scheduled,Email,,"2025-07-28 09:00","2025-07-28 09:00",,,,,,,,,,,,,,,,,,,,,,,,,,,,,,,,45,0,45,0,0,24,13,53.33,28.89,,,,,,,,,,,,,,,,,,,,,,,,,,,,,,,,,"Scheduled: Email (28 Jul 2025)",433,
434,126694184,RS_EVO_React_20FS_PL3,0,0,Scheduled,Email,,"2025-07-23 12:00","2025-07-23 12:00",,,,,,,,,,,,,,,,,,,,,,,,,,,,,,,,2084,74,2010,2,0,842,568,41.89,28.26,,,,,,,,,,,,,,,,,,,,,,,,,,,,,,,,,"Scheduled: Email (23 Jul 2025)",434,
435,126693878,"TP Sendout (royspins.lol) 23.07",0,0,Scheduled,Email,,"2025-07-23 12:00","2025-07-23 12:00",,,,,,,,,,,,,,,,,,,,,,,,,,,,,,,,251,8,243,1,0,150,32,61.73,13.17,,,,,,,,,,,,,,,,,,,,,,,,,,,,,,,,,"Scheduled: Email (23 Jul 2025)",435,
436,126692723,"TP Sendout (royspins.lat) 23.07",0,0,Scheduled,Email,,"2025-07-23 12:00","2025-07-23 12:00",,,,,,,,,,,,,,,,,,,,,,,,,,,,,,,,349,15,334,1,0,204,34,61.08,10.18,,,,,,,,,,,,,,,,,,,,,,,,,,,,,,,,,"Scheduled: Email (23 Jul 2025)",436,
437,126691376,"TP Sendout (royspins.net) 23.07",0,0,Scheduled,Email,,"2025-07-23 11:00","2025-07-23 11:00",,,,,,,,,,,,,,,,,,,,,,,,,,,,,,,,311,12,299,1,0,173,40,57.86,13.38,,,,,,,,,,,,,,,,,,,,,,,,,,,,,,,,,"Scheduled: Email (23 Jul 2025)",437,
438,126690695,"TP Sendout (royspins.xyz) 23.07",0,0,Scheduled,Email,,"2025-07-23 11:00","2025-07-23 11:00",,,,,,,,,,,,,,,,,,,,,,,,,,,,,,,,260,10,250,1,0,136,35,54.4,14,,,,,,,,,,,,,,,,,,,,,,,,,,,,,,,,,"Scheduled: Email (23 Jul 2025)",438,
439,126670689,RS_EVO_React_20FS_PL2,0,0,Scheduled,Email,,"2025-07-22 12:00","2025-07-22 12:00",,,,,,,,,,,,,,,,,,,,,,,,,,,,,,,,1564,52,1512,1,0,522,308,34.52,20.37,,,,,,,,,,,,,,,,,,,,,,,,,,,,,,,,,"Scheduled: Email (22 Jul 2025)",439,
440,126670231,"TP Sendout (royspins.lt) 22.07",0,0,Scheduled,Email,,"2025-07-22 11:00","2025-07-22 11:00",,,,,,,,,,,,,,,,,,,,,,,,,,,,,,,,265,16,249,0,0,138,26,55.42,10.44,,,,,,,,,,,,,,,,,,,,,,,,,,,,,,,,,"Scheduled: Email (22 Jul 2025)",440,
441,126669582,"TP Sendout (royspins.sbs) 22.07",0,0,Scheduled,Email,,"2025-07-22 10:00","2025-07-22 10:00",,,,,,,,,,,,,,,,,,,,,,,,,,,,,,,,251,9,242,0,0,116,16,47.93,6.61,,,,,,,,,,,,,,,,,,,,,,,,,,,,,,,,,"Scheduled: Email (22 Jul 2025)",441,
442,126669473,"TP Sendout (royspins.club) 22.07",0,0,Scheduled,Email,,"2025-07-22 10:00","2025-07-22 10:00",,,,,,,,,,,,,,,,,,,,,,,,,,,,,,,,286,19,267,0,0,114,22,42.7,8.24,,,,,,,,,,,,,,,,,,,,,,,,,,,,,,,,,"Scheduled: Email (22 Jul 2025)",442,
443,126667949,"Retention:TrustPilotPromoCode 22.07",0,0,Scheduled,Email,,"2025-07-22 09:00","2025-07-22 09:00",,,,,,,,,,,,,,,,,,,,,,,,,,,,,,,,25,1,24,0,0,11,1,45.83,4.17,,,,,,,,,,,,,,,,,,,,,,,,,,,,,,,,,"Scheduled: Email (22 Jul 2025)",443,
444,126647801,"RS_EVO_React_20FS_PTlast Copy",0,0,Scheduled,Email,,"2025-07-21 12:00","2025-07-21 12:00",,,,,,,,,,,,,,,,,,,,,,,,,,,,,,,,1939,85,1854,1,0,574,363,30.96,19.58,,,,,,,,,,,,,,,,,,,,,,,,,,,,,,,,,"Scheduled: Email (21 Jul 2025)",444,
445,126645561,"TP Sendout (royspins.autos) 21.07",0,0,Scheduled,Email,,"2025-07-21 10:00","2025-07-21 10:00",,,,,,,,,,,,,,,,,,,,,,,,,,,,,,,,329,8,321,0,0,48,10,14.95,3.12,,,,,,,,,,,,,,,,,,,,,,,,,,,,,,,,,"Scheduled: Email (21 Jul 2025)",445,
446,126644314,"TP Sendout (royspins.lat) 21.07",0,0,Scheduled,Email,,"2025-07-21 09:00","2025-07-21 09:00",,,,,,,,,,,,,,,,,,,,,,,,,,,,,,,,345,14,331,0,0,62,20,18.73,6.04,,,,,,,,,,,,,,,,,,,,,,,,,,,,,,,,,"Scheduled: Email (21 Jul 2025)",446,
447,126643238,"TP Sendout (royspins.co) 21.07",0,0,Scheduled,Email,,"2025-07-21 08:00","2025-07-21 08:00",,,,,,,,,,,,,,,,,,,,,,,,,,,,,,,,78,3,75,0,0,12,7,16,9.33,,,,,,,,,,,,,,,,,,,,,,,,,,,,,,,,,"Scheduled: Email (21 Jul 2025)",447,
448,126642228,"TP Sendout (royspins.de) 21.07",0,0,Scheduled,Email,,"2025-07-21 08:00","2025-07-21 08:00",,,,,,,,,,,,,,,,,,,,,,,,,,,,,,,,56,0,56,0,0,26,12,46.43,21.43,,,,,,,,,,,,,,,,,,,,,,,,,,,,,,,,,"Scheduled: Email (21 Jul 2025)",448,
449,126564710,RS_EVO_React_20FS_PTlast,0,0,Scheduled,Email,,"2025-07-18 12:00","2025-07-18 12:00",,,,,,,,,,,,,,,,,,,,,,,,,,,,,,,,2496,142,2354,9,0,839,247,35.64,10.49,,,,,,,,,,,,,,,,,,,,,,,,,,,,,,,,,"Scheduled: Email (18 Jul 2025)",449,
450,126558288,Retention:TrustPilotPromoCode18.07,0,0,Scheduled,Email,,"2025-07-18 08:00","2025-07-18 08:00",,,,,,,,,,,,,,,,,,,,,,,,,,,,,,,,66,1,65,0,0,33,8,50.77,12.31,,,,,,,,,,,,,,,,,,,,,,,,,,,,,,,,,"Scheduled: Email (18 Jul 2025)",450,
451,126544125,RS_EVO_React_20FS_PT2,0,0,Scheduled,Email,,"2025-07-17 10:00","2025-07-17 10:00",,,,,,,,,,,,,,,,,,,,,,,,,,,,,,,,2414,106,2308,7,0,745,253,32.28,10.96,,,,,,,,,,,,,,,,,,,,,,,,,,,,,,,,,"Scheduled: Email (17 Jul 2025)",451,
452,126539968,"TP Sendout (royspins.autos) 17.07",0,0,Scheduled,Email,,"2025-07-17 09:00","2025-07-17 09:00",,,,,,,,,,,,,,,,,,,,,,,,,,,,,,,,172,4,168,0,0,90,23,53.57,13.69,,,,,,,,,,,,,,,,,,,,,,,,,,,,,,,,,"Scheduled: Email (17 Jul 2025)",452,
453,126524148,"TP Sendout (royspins.lat) 16.07",0,0,Scheduled,Email,,"2025-07-16 12:00","2025-07-16 12:00",,,,,,,,,,,,,,,,,,,,,,,,,,,,,,,,238,11,227,1,0,88,18,38.77,7.93,,,,,,,,,,,,,,,,,,,,,,,,,,,,,,,,,"Scheduled: Email (16 Jul 2025)",453,
454,126523855,"TP Sendout (royspins.icu) 16.07",0,0,Scheduled,Email,,"2025-07-16 11:00","2025-07-16 11:00",,,,,,,,,,,,,,,,,,,,,,,,,,,,,,,,207,7,200,0,0,115,26,57.5,13,,,,,,,,,,,,,,,,,,,,,,,,,,,,,,,,,"Scheduled: Email (16 Jul 2025)",454,
455,126523246,"TP Sendout (royspins.biz) 16.07",0,0,Scheduled,Email,,"2025-07-16 11:00","2025-07-16 11:00",,,,,,,,,,,,,,,,,,,,,,,,,,,,,,,,264,15,249,0,0,118,24,47.39,9.64,,,,,,,,,,,,,,,,,,,,,,,,,,,,,,,,,"Scheduled: Email (16 Jul 2025)",455,
456,126520263,RS_EVO_React_20FS_PT1,0,0,Scheduled,Email,,"2025-07-16 09:00","2025-07-16 09:00",,,,,,,,,,,,,,,,,,,,,,,,,,,,,,,,2380,85,2295,4,0,774,265,33.73,11.55,,,,,,,,,,,,,,,,,,,,,,,,,,,,,,,,,"Scheduled: Email (16 Jul 2025)",456,
457,126505682,RS_EVO_React_20FS_SECZNO_2,0,0,Scheduled,Email,,"2025-07-15 11:00","2025-07-15 11:00",,,,,,,,,,,,,,,,,,,,,,,,,,,,,,,,1516,345,1171,4,0,285,169,24.34,14.43,,,,,,,,,,,,,,,,,,,,,,,,,,,,,,,,,"Scheduled: Email (15 Jul 2025)",457,
458,126502011,"TP Sendout (royspins.co) 15.07",0,0,Scheduled,Email,,"2025-07-15 08:00","2025-07-15 08:00",,,,,,,,,,,,,,,,,,,,,,,,,,,,,,,,260,7,253,0,0,48,3,18.97,1.19,,,,,,,,,,,,,,,,,,,,,,,,,,,,,,,,,"Scheduled: Email (15 Jul 2025)",458,
459,126501327,"TP Sendout (royspins.de) 15.07",0,0,Scheduled,Email,,"2025-07-15 08:00","2025-07-15 08:00",,,,,,,,,,,,,,,,,,,,,,,,,,,,,,,,344,36,308,2,0,76,10,24.68,3.25,,,,,,,,,,,,,,,,,,,,,,,,,,,,,,,,,"Scheduled: Email (15 Jul 2025)",459,
460,126500941,"TP Sendout (royspins.com) 15.07",0,0,Scheduled,Email,,"2025-07-15 08:00","2025-07-15 08:00",,,,,,,,,,,,,,,,,,,,,,,,,,,,,,,,125,0,125,2,0,47,15,37.6,12,,,,,,,,,,,,,,,,,,,,,,,,,,,,,,,,,"Scheduled: Email (15 Jul 2025)",460,
461,126490745,"TP Sendout (royspins.lol) 08.07 Copy",0,0,Scheduled,Email,,"2025-07-14 12:00","2025-07-14 12:00",,,,,,,,,,,,,,,,,,,,,,,,,,,,,,,,335,14,321,0,0,78,19,24.3,5.92,,,,,,,,,,,,,,,,,,,,,,,,,,,,,,,,,"Scheduled: Email (14 Jul 2025)",461,
462,126489903,RS_EVO_React_20FS_SECZNO_1,0,0,Scheduled,Email,,"2025-07-14 11:00","2025-07-14 11:00",,,,,,,,,,,,,,,,,,,,,,,,,,,,,,,,1423,217,1206,2,0,404,179,33.5,14.84,,,,,,,,,,,,,,,,,,,,,,,,,,,,,,,,,"Scheduled: Email (14 Jul 2025)",462,
463,126486909,"TP Sendout (royspins.de) 14.07",0,0,Scheduled,Email,,"2025-07-14 09:00","2025-07-14 09:00",,,,,,,,,,,,,,,,,,,,,,,,,,,,,,,,295,18,277,0,0,66,6,23.83,2.17,,,,,,,,,,,,,,,,,,,,,,,,,,,,,,,,,"Scheduled: Email (14 Jul 2025)",463,
464,126486582,"TP Sendout (royspins.cfd) 14.07",0,0,Scheduled,Email,,"2025-07-14 09:00","2025-07-14 09:00",,,,,,,,,,,,,,,,,,,,,,,,,,,,,,,,127,8,119,0,0,22,11,18.49,9.24,,,,,,,,,,,,,,,,,,,,,,,,,,,,,,,,,"Scheduled: Email (14 Jul 2025)",464,
465,126446858,RS_EVO_React_20FS_DE8,0,0,Scheduled,Email,,"2025-07-11 10:00","2025-07-11 10:00",,,,,,,,,,,,,,,,,,,,,,,,,,,,,,,,1048,255,793,2,0,479,407,60.4,51.32,,,,,,,,,,,,,,,,,,,,,,,,,,,,,,,,,"Scheduled: Email (11 Jul 2025)",465,
466,126429042,RS_EVO_React_20FS_DE7,0,0,Scheduled,Email,,"2025-07-10 10:00","2025-07-10 10:00",,,,,,,,,,,,,,,,,,,,,,,,,,,,,,,,1075,172,903,1,0,218,177,24.14,19.6,,,,,,,,,,,,,,,,,,,,,,,,,,,,,,,,,"Scheduled: Email (10 Jul 2025)",466,
467,126408875,"TrustpilotSendout (royspins.bet) 09.07",0,0,Scheduled,Email,,"2025-07-09 10:00","2025-07-09 10:00",,,,,,,,,,,,,,,,,,,,,,,,,,,,,,,,121,2,119,0,0,46,24,38.66,20.17,,,,,,,,,,,,,,,,,,,,,,,,,,,,,,,,,"Scheduled: Email (09 Jul 2025)",467,
468,126407626,RS_EVO_React_20FS_IE+AR,0,0,Scheduled,Email,,"2025-07-09 09:00","2025-07-09 09:00",,,,,,,,,,,,,,,,,,,,,,,,,,,,,,,,807,41,766,2,0,350,213,45.69,27.81,,,,,,,,,,,,,,,,,,,,,,,,,,,,,,,,,"Scheduled: Email (09 Jul 2025)",468,
469,126395333,RS_EVO_React_20FS_8,0,0,Scheduled,Email,,"2025-07-08 12:00","2025-07-08 12:00",,,,,,,,,,,,,,,,,,,,,,,,,,,,,,,,916,20,896,2,0,537,401,59.93,44.75,,,,,,,,,,,,,,,,,,,,,,,,,,,,,,,,,"Scheduled: Email (08 Jul 2025)",469,
470,126393845,"TP Sendout (royspins.lol) 08.07",0,0,Scheduled,Email,,"2025-07-08 10:00","2025-07-08 10:00",,,,,,,,,,,,,,,,,,,,,,,,,,,,,,,,150,10,140,0,0,75,18,53.57,12.86,,,,,,,,,,,,,,,,,,,,,,,,,,,,,,,,,"Scheduled: Email (08 Jul 2025)",470,
471,126392186,Retention:TrustPilotPromoCode08.07,0,0,Scheduled,Email,,"2025-07-08 09:00","2025-07-08 09:00",,,,,,,,,,,,,,,,,,,,,,,,,,,,,,,,105,5,100,1,0,46,12,46,12,,,,,,,,,,,,,,,,,,,,,,,,,,,,,,,,,"Scheduled: Email (08 Jul 2025)",471,
472,126391234,"TP Sendout (royspins.co) 08.07",0,0,Scheduled,Email,,"2025-07-08 08:00","2025-07-08 08:00",,,,,,,,,,,,,,,,,,,,,,,,,,,,,,,,149,8,141,0,0,76,23,53.9,16.31,,,,,,,,,,,,,,,,,,,,,,,,,,,,,,,,,"Scheduled: Email (08 Jul 2025)",472,
473,126389721,"TP Sendout (royspins.lat) 08.07",0,0,Scheduled,Email,,"2025-07-08 07:00","2025-07-08 07:00",,,,,,,,,,,,,,,,,,,,,,,,,,,,,,,,147,5,142,0,0,76,22,53.52,15.49,,,,,,,,,,,,,,,,,,,,,,,,,,,,,,,,,"Scheduled: Email (08 Jul 2025)",473,
474,126378650,"TP Sendout (royspins.biz) 07.07",0,0,Scheduled,Email,,"2025-07-07 10:00","2025-07-07 10:00",,,,,,,,,,,,,,,,,,,,,,,,,,,,,,,,149,41,108,1,0,58,27,53.7,25,,,,,,,,,,,,,,,,,,,,,,,,,,,,,,,,,"Scheduled: Email (07 Jul 2025)",474,
475,126377404,RS_EVO_React_LastDep,0,0,Scheduled,Email,,"2025-07-07 09:00","2025-07-07 09:00",,,,,,,,,,,,,,,,,,,,,,,,,,,,,,,,707,12,695,6,0,415,245,59.71,35.25,,,,,,,,,,,,,,,,,,,,,,,,,,,,,,,,,"Scheduled: Email (07 Jul 2025)",475,
476,126375637,"TP Sendout (royspins.de) 07.07",0,0,Scheduled,Email,,"2025-07-07 08:00","2025-07-07 08:00",,,,,,,,,,,,,,,,,,,,,,,,,,,,,,,,150,12,138,0,0,80,23,57.97,16.67,,,,,,,,,,,,,,,,,,,,,,,,,,,,,,,,,"Scheduled: Email (07 Jul 2025)",476,
477,126375328,"TP Sendout (royspins.com) 07.07",0,0,Scheduled,Email,,"2025-07-07 08:00","2025-07-07 08:00",,,,,,,,,,,,,,,,,,,,,,,,,,,,,,,,148,10,138,0,0,89,33,64.49,23.91,,,,,,,,,,,,,,,,,,,,,,,,,,,,,,,,,"Scheduled: Email (07 Jul 2025)",477,
478,126302072,"TP Sendout (royspins.sbs) 02.07",0,0,Scheduled,Email,,"2025-07-02 09:00","2025-07-02 09:00",,,,,,,,,,,,,,,,,,,,,,,,,,,,,,,,426,33,393,0,0,184,53,46.82,13.49,,,,,,,,,,,,,,,,,,,,,,,,,,,,,,,,,"Scheduled: Email (02 Jul 2025)",478,
479,126301306,"TP Sendout (royspins.cyou) 02.07",0,0,Scheduled,Email,,"2025-07-02 08:00","2025-07-02 08:00",,,,,,,,,,,,,,,,,,,,,,,,,,,,,,,,211,5,206,4,0,102,40,49.51,19.42,,,,,,,,,,,,,,,,,,,,,,,,,,,,,,,,,"Scheduled: Email (02 Jul 2025)",479,
480,126288747,"TP Sendout (royspins.co) 01.07",0,0,Scheduled,Email,,"2025-07-01 11:00","2025-07-01 11:00",,,,,,,,,,,,,,,,,,,,,,,,,,,,,,,,209,30,179,1,0,88,19,49.16,10.61,,,,,,,,,,,,,,,,,,,,,,,,,,,,,,,,,"Scheduled: Email (01 Jul 2025)",480,
481,126286841,"TP Sendout (royspins.biz) 01.07",0,0,Scheduled,Email,,"2025-07-01 09:00","2025-07-01 09:00",,,,,,,,,,,,,,,,,,,,,,,,,,,,,,,,218,15,203,1,0,83,21,40.89,10.34,,,,,,,,,,,,,,,,,,,,,,,,,,,,,,,,,"Scheduled: Email (01 Jul 2025)",481,
482,126286703,"TP Sendout (royspins.cyou) 01.07",0,0,Scheduled,Email,,"2025-07-01 09:00","2025-07-01 09:00",,,,,,,,,,,,,,,,,,,,,,,,,,,,,,,,230,21,209,0,0,87,22,41.63,10.53,,,,,,,,,,,,,,,,,,,,,,,,,,,,,,,,,"Scheduled: Email (01 Jul 2025)",482,
483,126271479,"TP Sendout (royspins.cfd) 30.06",0,0,Scheduled,Email,,"2025-06-30 09:00","2025-06-30 09:00",,,,,,,,,,,,,,,,,,,,,,,,,,,,,,,,308,10,298,2,0,184,61,61.74,20.47,,,,,,,,,,,,,,,,,,,,,,,,,,,,,,,,,"Scheduled: Email (30 Jun 2025)",483,
484,126269528,"TP Sendout (royspins.icu) 30.06",0,0,Scheduled,Email,,"2025-06-30 08:00","2025-06-30 08:00",,,,,,,,,,,,,,,,,,,,,,,,,,,,,,,,195,4,191,1,0,109,35,57.07,18.32,,,,,,,,,,,,,,,,,,,,,,,,,,,,,,,,,"Scheduled: Email (30 Jun 2025)",484,
485,126267621,Retention:TrustPilotPromoCode30.06,0,0,Scheduled,Email,,"2025-06-30 07:00","2025-06-30 07:00",,,,,,,,,,,,,,,,,,,,,,,,,,,,,,,,46,2,44,0,0,27,5,61.36,11.36,,,,,,,,,,,,,,,,,,,,,,,,,,,,,,,,,"Scheduled: Email (30 Jun 2025)",485,
486,126200843,ProtugalReact,0,0,Scheduled,Email,,"2025-06-25 11:00","2025-06-25 11:00",,,,,,,,,,,,,,,,,,,,,,,,,,,,,,,,336,8,328,3,0,108,41,32.93,12.5,,,,,,,,,,,,,,,,,,,,,,,,,,,,,,,,,"Scheduled: Email (25 Jun 2025)",486,
487,126199167,"SwitzerlandReact Copy",0,0,Scheduled,Email,,"2025-06-25 09:00","2025-06-25 09:00",,,,,,,,,,,,,,,,,,,,,,,,,,,,,,,,181,12,169,1,0,53,14,31.36,8.28,,,,,,,,,,,,,,,,,,,,,,,,,,,,,,,,,"Scheduled: Email (25 Jun 2025)",487,
488,126198267,"TP Sendout (royspins-casino.club) 25.06",0,0,Scheduled,Email,,"2025-06-25 08:00","2025-06-25 08:00",,,,,,,,,,,,,,,,,,,,,,,,,,,,,,,,287,30,257,1,0,162,55,63.04,21.4,,,,,,,,,,,,,,,,,,,,,,,,,,,,,,,,,"Scheduled: Email (25 Jun 2025)",488,
489,126195376,TrustPilotMonthlyBonus2,0,0,Scheduled,Email,,"2025-06-25 07:00","2025-06-25 07:00",,,,,,,,,,,,,,,,,,,,,,,,,,,,,,,,38,0,38,0,0,15,10,39.47,26.32,,,,,,,,,,,,,,,,,,,,,,,,,,,,,,,,,"Scheduled: Email (25 Jun 2025)",489,
490,126195405,"TP Sendout (royspins.lol) 25.06",0,0,Scheduled,Email,,"2025-06-25 07:00","2025-06-25 07:00",,,,,,,,,,,,,,,,,,,,,,,,,,,,,,,,238,1,237,1,0,145,48,61.18,20.25,,,,,,,,,,,,,,,,,,,,,,,,,,,,,,,,,"Scheduled: Email (25 Jun 2025)",490,
491,126111565,GermanReactivation,0,0,Scheduled,Email,,"2025-06-19 10:00","2025-06-19 10:00",,,,,,,,,,,,,,,,,,,,,,,,,,,,,,,,303,27,276,3,0,81,45,29.35,16.3,,,,,,,,,,,,,,,,,,,,,,,,,,,,,,,,,"Scheduled: Email (19 Jun 2025)",491,
492,126111952,RS_EVO_React_20FS_DE2,0,0,Scheduled,Email,,"2025-06-19 10:00","2025-06-19 10:00",,,,,,,,,,,,,,,,,,,,,,,,,,,,,,,,1559,134,1425,4,0,359,166,25.19,11.65,,,,,,,,,,,,,,,,,,,,,,,,,,,,,,,,,"Scheduled: Email (19 Jun 2025)",492,
493,126095150,"TP Sendout (royspins.net) 18.06",0,0,Scheduled,Email,,"2025-06-18 09:00","2025-06-18 09:00",,,,,,,,,,,,,,,,,,,,,,,,,,,,,,,,329,34,295,0,0,161,63,54.58,21.36,,,,,,,,,,,,,,,,,,,,,,,,,,,,,,,,,"Scheduled: Email (18 Jun 2025)",493,
494,126094163,"TP Sendout (royspins.de) 18.06",0,0,Scheduled,Email,,"2025-06-18 09:00","2025-06-18 09:00",,,,,,,,,,,,,,,,,,,,,,,,,,,,,,,,553,53,500,5,0,286,117,57.2,23.4,,,,,,,,,,,,,,,,,,,,,,,,,,,,,,,,,"Scheduled: Email (18 Jun 2025)",494,
495,126091472,RS_EVO_React_20FS_DE1,0,0,Scheduled,Email,,"2025-06-18 08:00","2025-06-18 08:00",,,,,,,,,,,,,,,,,,,,,,,,,,,,,,,,1225,146,1079,5,0,437,267,40.5,24.75,,,,,,,,,,,,,,,,,,,,,,,,,,,,,,,,,"Scheduled: Email (18 Jun 2025)",495,
496,126076058,"TP Sendout (royspins.sbs) 17.06",0,0,Scheduled,Email,,"2025-06-17 08:00","2025-06-17 08:00",,,,,,,,,,,,,,,,,,,,,,,,,,,,,,,,328,9,319,2,0,168,61,52.66,19.12,,,,,,,,,,,,,,,,,,,,,,,,,,,,,,,,,"Scheduled: Email (17 Jun 2025)",496,
497,126060808,"TP Sendout (royspins.com) 16.06",0,0,Scheduled,Email,,"2025-06-16 09:00","2025-06-16 09:00",,,,,,,,,,,,,,,,,,,,,,,,,,,,,,,,550,15,535,3,0,200,19,37.38,3.55,,,,,,,,,,,,,,,,,,,,,,,,,,,,,,,,,"Scheduled: Email (16 Jun 2025)",497,
498,126060759,Retention:TrustPilotPromoCode,0,0,Scheduled,Email,,"2025-06-16 09:00","2025-06-16 09:00",,,,,,,,,,,,,,,,,,,,,,,,,,,,,,,,25,1,24,0,0,14,4,58.33,16.67,,,,,,,,,,,,,,,,,,,,,,,,,,,,,,,,,"Scheduled: Email (16 Jun 2025)",498,
499,126019413,"RS_EVO_React_20FS_NoAff 4",0,0,Scheduled,Email,,"2025-06-13 10:00","2025-06-13 10:00",,,,,,,,,,,,,,,,,,,,,,,,,,,,,,,,1252,59,1193,3,0,435,226,36.46,18.94,,,,,,,,,,,,,,,,,,,,,,,,,,,,,,,,,"Scheduled: Email (13 Jun 2025)",499,
500,126007167,"RS_EVO_React_20FS_NoAff 3",0,0,Scheduled,Email,,"2025-06-12 13:00","2025-06-12 13:00",,,,,,,,,,,,,,,,,,,,,,,,,,,,,,,,1000,210,790,1,0,298,162,37.72,20.51,,,,,,,,,,,,,,,,,,,,,,,,,,,,,,,,,"Scheduled: Email (12 Jun 2025)",500,
501,125989598,"RS_EVO_React_20FS_NoAff 2",0,0,Scheduled,Email,,"2025-06-11 11:00","2025-06-11 11:00",,,,,,,,,,,,,,,,,,,,,,,,,,,,,,,,999,79,920,0,0,171,72,18.59,7.83,,,,,,,,,,,,,,,,,,,,,,,,,,,,,,,,,"Scheduled: Email (11 Jun 2025)",501,
502,125989248,"TP Sendout (royspins.co) 11.06 2.0",0,0,Scheduled,Email,,"2025-06-11 10:00","2025-06-11 10:00",,,,,,,,,,,,,,,,,,,,,,,,,,,,,,,,459,8,451,0,0,123,1,27.27,0.22,,,,,,,,,,,,,,,,,,,,,,,,,,,,,,,,,"Scheduled: Email (11 Jun 2025)",502,
503,125986799,"TP Sendout (royspins.co) 11.06",0,0,Scheduled,Email,,"2025-06-11 08:00","2025-06-11 08:00",,,,,,,,,,,,,,,,,,,,,,,,,,,,,,,,436,10,426,0,0,153,18,35.92,4.23,,,,,,,,,,,,,,,,,,,,,,,,,,,,,,,,,"Scheduled: Email (11 Jun 2025)",503,
504,125974770,RS_EVO_React_20FS_NoAff,0,0,Scheduled,Email,,"2025-06-10 11:00","2025-06-10 11:00",,,,,,,,,,,,,,,,,,,,,,,,,,,,,,,,543,30,513,2,0,177,132,34.5,25.73,,,,,,,,,,,,,,,,,,,,,,,,,,,,,,,,,"Scheduled: Email (10 Jun 2025)",504,
505,125974440,Retention:TrustPilotPromoCode210.06,0,0,Scheduled,Email,,"2025-06-10 11:00","2025-06-10 11:00",,,,,,,,,,,,,,,,,,,,,,,,,,,,,,,,33,2,31,0,0,14,8,45.16,25.81,,,,,,,,,,,,,,,,,,,,,,,,,,,,,,,,,"Scheduled: Email (10 Jun 2025)",505,
506,125972781,"TP Sendout (royspins.xyz) 10.06",0,0,Scheduled,Email,,"2025-06-10 09:00","2025-06-10 09:00",,,,,,,,,,,,,,,,,,,,,,,,,,,,,,,,220,1,219,5,0,131,42,59.82,19.18,,,,,,,,,,,,,,,,,,,,,,,,,,,,,,,,,"Scheduled: Email (10 Jun 2025)",506,
507,125962169,RS_EVO_React_50FStrust,0,0,Scheduled,Email,,"2025-06-09 11:00","2025-06-09 11:00",,,,,,,,,,,,,,,,,,,,,,,,,,,,,,,,477,12,465,2,0,192,107,41.29,23.01,,,,,,,,,,,,,,,,,,,,,,,,,,,,,,,,,"Scheduled: Email (09 Jun 2025)",507,
508,125958405,"TP Sendout (royspins.club) 09.06",0,0,Scheduled,Email,,"2025-06-09 08:00","2025-06-09 08:00",,,,,,,,,,,,,,,,,,,,,,,,,,,,,,,,237,3,234,2,0,147,55,62.82,23.5,,,,,,,,,,,,,,,,,,,,,,,,,,,,,,,,,"Scheduled: Email (09 Jun 2025)",508,
509,125898906,RS_EVO_React_20FS(2),0,0,Scheduled,Email,,"2025-06-04 11:00","2025-06-04 11:00",,,,,,,,,,,,,,,,,,,,,,,,,,,,,,,,955,48,907,4,0,383,181,42.23,19.96,,,,,,,,,,,,,,,,,,,,,,,,,,,,,,,,,"Scheduled: Email (04 Jun 2025)",509,
510,125897151,"TP Sendout (royspins.de) 04.06",0,0,Scheduled,Email,,"2025-06-04 09:00","2025-06-04 09:00",,,,,,,,,,,,,,,,,,,,,,,,,,,,,,,,254,9,245,0,0,100,4,40.82,1.63,,,,,,,,,,,,,,,,,,,,,,,,,,,,,,,,,"Scheduled: Email (04 Jun 2025)",510,
511,125884496,"TP Sendout (royspins.lt) 03.06",0,0,Scheduled,Email,,"2025-06-03 11:00","2025-06-03 11:00",,,,,,,,,,,,,,,,,,,,,,,,,,,,,,,,216,1,215,2,0,108,57,50.23,26.51,,,,,,,,,,,,,,,,,,,,,,,,,,,,,,,,,"Scheduled: Email (03 Jun 2025)",511,
512,125870425,"Retention:TrustPilotPromoCode2 Copy",0,0,Scheduled,Email,,"2025-06-02 12:00","2025-06-02 12:00",,,,,,,,,,,,,,,,,,,,,,,,,,,,,,,,24,0,24,0,0,15,8,62.5,33.33,,,,,,,,,,,,,,,,,,,,,,,,,,,,,,,,,"Scheduled: Email (02 Jun 2025)",512,
513,125826747,RS_EVO_React_RS,0,0,Scheduled,Email,,"2025-05-30 11:00","2025-05-30 11:00",,,,,,,,,,,,,,,,,,,,,,,,,,,,,,,,459,14,445,6,0,275,133,61.8,29.89,,,,,,,,,,,,,,,,,,,,,,,,,,,,,,,,,"Scheduled: Email (30 May 2025)",513,
514,125807654,"TP Sendout (royspins.my) 29.05",0,0,Scheduled,Email,,"2025-05-29 07:00","2025-05-29 07:00",,,,,,,,,,,,,,,,,,,,,,,,,,,,,,,,446,5,441,1,0,282,149,63.95,33.79,,,,,,,,,,,,,,,,,,,,,,,,,,,,,,,,,"Scheduled: Email (29 May 2025)",514,
515,125780618,Retention:TrustPilotPromoCode2,0,0,Scheduled,Email,,"2025-05-27 12:00","2025-05-27 12:00",,,,,,,,,,,,,,,,,,,,,,,,,,,,,,,,29,3,26,1,0,13,4,50,15.38,,,,,,,,,,,,,,,,,,,,,,,,,,,,,,,,,"Scheduled: Email (27 May 2025)",515,
516,125722093,TrustPilotMonthlyBonus,0,0,Scheduled,Email,,"2025-05-26 10:00","2025-05-26 10:00",,,,,,,,,,,,,,,,,,,,,,,,,,,,,,,,102,3,99,1,0,29,13,29.29,13.13,,,,,,,,,,,,,,,,,,,,,,,,,,,,,,,,,"Scheduled: Email (26 May 2025)",516,
517,125761518,"TP Sendout (royspins.quest) 26.05",0,0,Scheduled,Email,,"2025-05-26 08:00","2025-05-26 08:00",,,,,,,,,,,,,,,,,,,,,,,,,,,,,,,,269,6,263,0,0,147,71,55.89,27,,,,,,,,,,,,,,,,,,,,,,,,,,,,,,,,,"Scheduled: Email (26 May 2025)",517,
518,125722387,RS_Sport_100FS,0,0,Scheduled,Email,,"2025-05-23 11:00","2025-05-23 11:00",,,,,,,,,,,,,,,,,,,,,,,,,,,,,,,,246,9,237,1,0,98,44,41.35,18.57,,,,,,,,,,,,,,,,,,,,,,,,,,,,,,,,,"Scheduled: Email (23 May 2025)",518,
519,125678456,SB_CashBack,0,0,Scheduled,Email,,"2025-05-20 12:00","2025-05-20 12:00",,,,,,,,,,,,,,,,,,,,,,,,,,,,,,,,1374,52,1322,7,0,332,32,25.11,2.42,,,,,,,,,,,,,,,,,,,,,,,,,,,,,,,,,"Scheduled: Email (20 May 2025)",519,
520,125663536,"Trustpilot Sendout (royspins.com) 19.04",0,0,Scheduled,Email,,"2025-05-19 12:00","2025-05-19 12:00",,,,,,,,,,,,,,,,,,,,,,,,,,,,,,,,176,3,173,1,0,79,21,45.66,12.14,,,,,,,,,,,,,,,,,,,,,,,,,,,,,,,,,"Scheduled: Email (19 May 2025)",520,
521,125591103,Retention:TrustPilotPromoCode,0,0,Scheduled,Email,,"2025-05-19 09:00","2025-05-19 09:00",,,,,,,,,,,,,,,,,,,,,,,,,,,,,,,,364,17,347,2,0,146,31,42.07,8.93,,,,,,,,,,,,,,,,,,,,,,,,,,,,,,,,,"Scheduled: Email (19 May 2025)",521,
522,125624513,RS_EVO_React_3,0,0,Scheduled,Email,,"2025-05-16 11:00","2025-05-16 11:00",,,,,,,,,,,,,,,,,,,,,,,,,,,,,,,,1537,78,1459,2,0,598,294,40.99,20.15,,,,,,,,,,,,,,,,,,,,,,,,,,,,,,,,,"Scheduled: Email (16 May 2025)",522,
523,125609992,"RS_EVO_React_1 Copy",0,0,Scheduled,Email,,"2025-05-15 11:00","2025-05-15 11:00",,,,,,,,,,,,,,,,,,,,,,,,,,,,,,,,1440,71,1369,11,0,650,326,47.48,23.81,,,,,,,,,,,,,,,,,,,,,,,,,,,,,,,,,"Scheduled: Email (15 May 2025)",523,
524,125592575,"Trustpilot Sendout (royspins.net) 14.05",0,0,Scheduled,Email,,"2025-05-14 11:00","2025-05-14 11:00",,,,,,,,,,,,,,,,,,,,,,,,,,,,,,,,100,0,100,0,0,58,8,58,8,,,,,,,,,,,,,,,,,,,,,,,,,,,,,,,,,"Scheduled: Email (14 May 2025)",524,
525,125590324,RS_EVO_React_1,0,0,Scheduled,Email,,"2025-05-14 09:00","2025-05-14 09:00",,,,,,,,,,,,,,,,,,,,,,,,,,,,,,,,988,31,957,7,0,521,280,54.44,29.26,,,,,,,,,,,,,,,,,,,,,,,,,,,,,,,,,"Scheduled: Email (14 May 2025)",525,
526,125574837,Rs_Hockey_DE_NO,0,0,Scheduled,Email,,"2025-05-13 08:00","2025-05-13 08:00",,,,,,,,,,,,,,,,,,,,,,,,,,,,,,,,378,19,359,1,0,77,2,21.45,0.56,,,,,,,,,,,,,,,,,,,,,,,,,,,,,,,,,"Scheduled: Email (13 May 2025)",526,
527,125574004,"Trustpilot Sendout (royspins.quest)",0,0,Scheduled,Email,,"2025-05-13 07:00","2025-05-13 07:00",,,,,,,,,,,,,,,,,,,,,,,,,,,,,,,,89,2,87,1,0,50,10,57.47,11.49,,,,,,,,,,,,,,,,,,,,,,,,,,,,,,,,,"Scheduled: Email (13 May 2025)",527,
528,125521149,Rs_Hockey_SE_SL,0,0,Scheduled,Email,,"2025-05-09 10:00","2025-05-09 10:00",,,,,,,,,,,,,,,,,,,,,,,,,,,,,,,,151,3,148,0,0,55,2,37.16,1.35,,,,,,,,,,,,,,,,,,,,,,,,,,,,,,,,,"Scheduled: Email (09 May 2025)",528,
529,125521131,Rs_Hockey_CH_CZ,0,0,Scheduled,Email,,"2025-05-09 10:00","2025-05-09 10:00",,,,,,,,,,,,,,,,,,,,,,,,,,,,,,,,331,24,307,0,0,105,2,34.2,0.65,,,,,,,,,,,,,,,,,,,,,,,,,,,,,,,,,"Scheduled: Email (09 May 2025)",529,
530,125521015,Rs_Hockey_AT_FI,0,0,Scheduled,Email,,"2025-05-09 10:00","2025-05-09 10:00",,,,,,,,,,,,,,,,,,,,,,,,,,,,,,,,417,15,402,1,0,160,2,39.8,0.5,,,,,,,,,,,,,,,,,,,,,,,,,,,,,,,,,"Scheduled: Email (09 May 2025)",530,
531,125348165,"Trustpilot Sendout (royspins.lol)",0,0,Scheduled,Email,,"2025-04-28 09:00","2025-04-28 09:00",,,,,,,,,,,,,,,,,,,,,,,,,,,,,,,,69,2,67,0,0,39,10,58.21,14.93,,,,,,,,,,,,,,,,,,,,,,,,,,,,,,,,,"Scheduled: Email (28 Apr 2025)",531,
532,125337411,RSaskLotHome(2),0,0,Scheduled,Email,,"2025-04-27 15:00","2025-04-27 15:00",,,,,,,,,,,,,,,,,,,,,,,,,,,,,,,,4773,305,4468,9,0,938,501,20.99,11.21,,,,,,,,,,,,,,,,,,,,,,,,,,,,,,,,,"Scheduled: Email (27 Apr 2025)",532,
533,125322910,RSaskLotHome,0,0,Scheduled,Email,,"2025-04-26 14:00","2025-04-26 14:00",,,,,,,,,,,,,,,,,,,,,,,,,,,,,,,,2839,186,2653,5,0,572,287,21.56,10.82,,,,,,,,,,,,,,,,,,,,,,,,,,,,,,,,,"Scheduled: Email (26 Apr 2025)",533,
534,125305843,RSaskLot(2),0,0,Scheduled,Email,,"2025-04-25 11:00","2025-04-25 11:00",,,,,,,,,,,,,,,,,,,,,,,,,,,,,,,,1871,158,1713,2,0,315,104,18.39,6.07,,,,,,,,,,,,,,,,,,,,,,,,,,,,,,,,,"Scheduled: Email (25 Apr 2025)",534,
535,125291388,RSaskLot(1),0,0,Scheduled,Email,,"2025-04-24 13:00","2025-04-24 13:00",,,,,,,,,,,,,,,,,,,,,,,,,,,,,,,,1444,143,1301,2,0,261,92,20.06,7.07,,,,,,,,,,,,,,,,,,,,,,,,,,,,,,,,,"Scheduled: Email (24 Apr 2025)",535,
536,125289402,AskNomLast(PL),0,0,Scheduled,Email,,"2025-04-24 10:00","2025-04-24 10:00",,,,,,,,,,,,,,,,,,,,,,,,,,,,,,,,2517,75,2442,6,0,854,453,34.97,18.55,,,,,,,,,,,,,,,,,,,,,,,,,,,,,,,,,"Scheduled: Email (24 Apr 2025)",536,
537,125276504,AskNom3(PL)home,0,0,Scheduled,Email,,"2025-04-23 16:00","2025-04-23 16:00",,,,,,,,,,,,,,,,,,,,,,,,,,,,,,,,1851,254,1597,1,0,482,209,30.18,13.09,,,,,,,,,,,,,,,,,,,,,,,,,,,,,,,,,"Scheduled: Email (23 Apr 2025)",537,
538,125258798,AskNom2(PL),0,0,Scheduled,Email,,"2025-04-22 12:00","2025-04-22 12:00",,,,,,,,,,,,,,,,,,,,,,,,,,,,,,,,1045,152,893,2,0,257,116,28.78,12.99,,,,,,,,,,,,,,,,,,,,,,,,,,,,,,,,,"Scheduled: Email (22 Apr 2025)",538,
539,125257465,AskNom1(PL),0,0,Scheduled,Email,,"2025-04-22 10:00","2025-04-22 10:00",,,,,,,,,,,,,,,,,,,,,,,,,,,,,,,,1916,68,1848,0,0,488,218,26.41,11.8,,,,,,,,,,,,,,,,,,,,,,,,,,,,,,,,,"Scheduled: Email (22 Apr 2025)",539,
540,125175714,Easter:100FS,0,0,Scheduled,Email,,"2025-04-17 10:00","2025-04-17 10:00",,,,,,,,,,,,,,,,,,,,,,,,,,,,,,,,267,5,262,1,0,110,70,41.98,26.72,,,,,,,,,,,,,,,,,,,,,,,,,,,,,,,,,"Scheduled: Email (17 Apr 2025)",540,
541,125166458,AskNom1(DE+IR),0,0,Scheduled,Email,,"2025-04-16 12:00","2025-04-16 12:00",,,,,,,,,,,,,,,,,,,,,,,,,,,,,,,,931,49,882,6,0,288,80,32.65,9.07,,,,,,,,,,,,,,,,,,,,,,,,,,,,,,,,,"Scheduled: Email (16 Apr 2025)",541,
542,125135359,RsEaster1,0,0,Scheduled,Email,,"2025-04-14 14:00","2025-04-14 14:00",,,,,,,,,,,,,,,,,,,,,,,,,,,,,,,,919,126,793,3,0,176,20,22.19,2.52,,,,,,,,,,,,,,,,,,,,,,,,,,,,,,,,,"Scheduled: Email (14 Apr 2025)",542,
543,125086380,AskNom1(CZ),0,0,Scheduled,Email,,"2025-04-11 08:00","2025-04-11 08:00",,,,,,,,,,,,,,,,,,,,,,,,,,,,,,,,1440,92,1348,0,0,347,191,25.74,14.17,,,,,,,,,,,,,,,,,,,,,,,,,,,,,,,,,"Scheduled: Email (11 Apr 2025)",543,
544,125070075,AskNom1(LT)(2),0,0,Scheduled,Email,,"2025-04-10 08:00","2025-04-10 08:00",,,,,,,,,,,,,,,,,,,,,,,,,,,,,,,,1779,69,1710,0,0,487,145,28.48,8.48,,,,,,,,,,,,,,,,,,,,,,,,,,,,,,,,,"Scheduled: Email (10 Apr 2025)",544,
545,125056205,AskNom1(LT)(1),0,0,Scheduled,Email,,"2025-04-09 09:00","2025-04-09 09:00",,,,,,,,,,,,,,,,,,,,,,,,,,,,,,,,1034,24,1010,4,0,254,44,25.15,4.36,,,,,,,,,,,,,,,,,,,,,,,,,,,,,,,,,"Scheduled: Email (09 Apr 2025)",545,
546,125038316,"Trustpilot Sendout (royspins.cyou)",0,0,Scheduled,Email,,"2025-04-08 08:00","2025-04-08 08:00",,,,,,,,,,,,,,,,,,,,,,,,,,,,,,,,73,0,73,2,0,31,12,42.47,16.44,,,,,,,,,,,,,,,,,,,,,,,,,,,,,,,,,"Scheduled: Email (08 Apr 2025)",546,
547,125024586,AskNom1(PH)(2),0,0,Scheduled,Email,,"2025-04-07 10:00","2025-04-07 10:00",,,,,,,,,,,,,,,,,,,,,,,,,,,,,,,,457,40,417,0,0,41,16,9.83,3.84,,,,,,,,,,,,,,,,,,,,,,,,,,,,,,,,,"Scheduled: Email (07 Apr 2025)",547,
548,124982364,test,0,0,Scheduled,Email,,"2025-04-04 12:00","2025-04-04 12:00",,,,,,,,,,,,,,,,,,,,,,,,,,,,,,,,21,0,21,0,0,20,0,95.24,0,,,,,,,,,,,,,,,,,,,,,,,,,,,,,,,,,"Scheduled: Email (04 Apr 2025)",548,
549,124978798,AskNom1(PH)(1),0,0,Scheduled,Email,,"2025-04-04 08:00","2025-04-04 08:00",,,,,,,,,,,,,,,,,,,,,,,,,,,,,,,,497,59,438,0,0,26,9,5.94,2.05,,,,,,,,,,,,,,,,,,,,,,,,,,,,,,,,,"Scheduled: Email (04 Apr 2025)",549,
550,124967512,AskNom1(SE)(2),0,0,Scheduled,Email,,"2025-04-03 12:00","2025-04-03 12:00",,,,,,,,,,,,,,,,,,,,,,,,,,,,,,,,399,157,242,1,0,64,23,26.45,9.5,,,,,,,,,,,,,,,,,,,,,,,,,,,,,,,,,"Scheduled: Email (03 Apr 2025)",550,
551,124936098,"Trustpilot Sendout (royspins.sbs)",0,0,Scheduled,Email,,"2025-04-01 11:00","2025-04-01 11:00",,,,,,,,,,,,,,,,,,,,,,,,,,,,,,,,73,1,72,3,0,25,16,34.72,22.22,,,,,,,,,,,,,,,,,,,,,,,,,,,,,,,,,"Scheduled: Email (01 Apr 2025)",551,
552,124936275,AskNom1(SE)(1),0,0,Scheduled,Email,,"2025-04-01 11:00","2025-04-01 11:00",,,,,,,,,,,,,,,,,,,,,,,,,,,,,,,,596,93,503,9,0,133,18,26.44,3.58,,,,,,,,,,,,,,,,,,,,,,,,,,,,,,,,,"Scheduled: Email (01 Apr 2025)",552,
553,124922369,AskNom1(FI)(3),0,0,Scheduled,Email,,"2025-03-31 12:00","2025-03-31 12:00",,,,,,,,,,,,,,,,,,,,,,,,,,,,,,,,696,247,449,2,0,152,27,33.85,6.01,,,,,,,,,,,,,,,,,,,,,,,,,,,,,,,,,"Scheduled: Email (31 Mar 2025)",553,
554,124881398,FBDepBon,0,0,Scheduled,Email,,"2025-03-28 13:00","2025-03-28 13:00",,,,,,,,,,,,,,,,,,,,,,,,,,,,,,,,323,5,318,0,0,123,29,38.68,9.12,,,,,,,,,,,,,,,,,,,,,,,,,,,,,,,,,"Scheduled: Email (28 Mar 2025)",554,
555,124863408,AskNom1(FI)(2),0,0,Scheduled,Email,,"2025-03-27 13:00","2025-03-27 13:00",,,,,,,,,,,,,,,,,,,,,,,,,,,,,,,,762,58,704,5,0,234,52,33.24,7.39,,,,,,,,,,,,,,,,,,,,,,,,,,,,,,,,,"Scheduled: Email (27 Mar 2025)",555,
556,124848503,AskNom1(FI)(1),0,0,Scheduled,Email,,"2025-03-26 13:00","2025-03-26 13:00",,,,,,,,,,,,,,,,,,,,,,,,,,,,,,,,755,69,686,5,1,254,46,37.03,6.71,,,,,,,,,,,,,,,,,,,,,,,,,,,,,,,,,"Scheduled: Email (26 Mar 2025)",556,
557,124816307,"Trustpilot Sendout (royspins.cfd)",0,0,Scheduled,Email,,"2025-03-25 10:00","2025-03-25 10:00",,,,,,,,,,,,,,,,,,,,,,,,,,,,,,,,78,2,76,2,0,37,14,48.68,18.42,,,,,,,,,,,,,,,,,,,,,,,,,,,,,,,,,"Scheduled: Email (25 Mar 2025)",557,
558,124693728,CRM:PatrickDay/100FS,0,0,Scheduled,Email,,"2025-03-17 12:00","2025-03-17 12:00",,,,,,,,,,,,,,,,,,,,,,,,,,,,,,,,141,1,140,1,0,59,42,42.14,30,,,,,,,,,,,,,,,,,,,,,,,,,,,,,,,,,"Scheduled: Email (17 Mar 2025)",558,
559,124693727,CRM:PatrickDay/50FS,0,0,Scheduled,Email,,"2025-03-17 11:00","2025-03-17 11:00",,,,,,,,,,,,,,,,,,,,,,,,,,,,,,,,479,1,478,3,0,256,172,53.56,35.98,,,,,,,,,,,,,,,,,,,,,,,,,,,,,,,,,"Scheduled: Email (17 Mar 2025)",559,
560,124693726,CRM:PatrickDay/25FS,0,0,Scheduled,Email,,"2025-03-17 11:00","2025-03-17 11:00",,,,,,,,,,,,,,,,,,,,,,,,,,,,,,,,237,2,235,0,0,114,90,48.51,38.3,,,,,,,,,,,,,,,,,,,,,,,,,,,,,,,,,"Scheduled: Email (17 Mar 2025)",560,
561,124693725,CRM:PatrickDay/10FS,0,0,Scheduled,Email,,"2025-03-17 10:00","2025-03-17 10:00",,,,,,,,,,,,,,,,,,,,,,,,,,,,,,,,661,6,655,0,0,305,234,46.56,35.73,,,,,,,,,,,,,,,,,,,,,,,,,,,,,,,,,"Scheduled: Email (17 Mar 2025)",561,
562,124627001,AskNom1(0-50)(2),0,0,Scheduled,Email,,"2025-03-12 13:00","2025-03-12 13:00",,,,,,,,,,,,,,,,,,,,,,,,,,,,,,,,351,4,347,0,0,182,63,52.45,18.16,,,,,,,,,,,,,,,,,,,,,,,,,,,,,,,,,"Scheduled: Email (12 Mar 2025)",562,
563,124609271,AskNom1(0-50),0,0,Scheduled,Email,,"2025-03-11 14:00","2025-03-11 14:00",,,,,,,,,,,,,,,,,,,,,,,,,,,,,,,,354,16,338,1,0,160,82,47.34,24.26,,,,,,,,,,,,,,,,,,,,,,,,,,,,,,,,,"Scheduled: Email (11 Mar 2025)",563,
564,124594481,AskNom3(500-3000)pol+,0,0,Scheduled,Email,,"2025-03-10 12:00","2025-03-10 12:00",,,,,,,,,,,,,,,,,,,,,,,,,,,,,,,,290,5,285,2,0,167,127,58.6,44.56,,,,,,,,,,,,,,,,,,,,,,,,,,,,,,,,,"Scheduled: Email (10 Mar 2025)",564,
565,124544098,CRM:WomensDay/100FS,0,0,Scheduled,Email,,"2025-03-07 12:00","2025-03-07 12:00",,,,,,,,,,,,,,,,,,,,,,,,,,,,,,,,103,2,101,0,0,42,30,41.58,29.7,,,,,,,,,,,,,,,,,,,,,,,,,,,,,,,,,"Scheduled: Email (07 Mar 2025)",565,
566,124544095,CRM:WomensDay/50FS,0,0,Scheduled,Email,,"2025-03-07 12:00","2025-03-07 12:00",,,,,,,,,,,,,,,,,,,,,,,,,,,,,,,,235,1,234,4,0,87,54,37.18,23.08,,,,,,,,,,,,,,,,,,,,,,,,,,,,,,,,,"Scheduled: Email (07 Mar 2025)",566,
567,124544072,CRM:WomensDay/10FS,0,0,Scheduled,Email,,"2025-03-07 11:00","2025-03-07 11:00",,,,,,,,,,,,,,,,,,,,,,,,,,,,,,,,966,27,939,2,0,212,140,22.58,14.91,,,,,,,,,,,,,,,,,,,,,,,,,,,,,,,,,"Scheduled: Email (07 Mar 2025)",567,
568,124502353,AskNom2(100-501inclpol),0,0,Scheduled,Email,,"2025-03-04 12:00","2025-03-04 12:00",,,,,,,,,,,,,,,,,,,,,,,,,,,,,,,,484,7,477,1,0,277,222,58.07,46.54,,,,,,,,,,,,,,,,,,,,,,,,,,,,,,,,,"Scheduled: Email (04 Mar 2025)",568,
569,124500097,"TrustpilotSendout (royspins.biz)",0,0,Scheduled,Email,,"2025-03-04 10:00","2025-03-04 10:00",,,,,,,,,,,,,,,,,,,,,,,,,,,,,,,,99,0,99,1,0,52,30,52.53,30.3,,,,,,,,,,,,,,,,,,,,,,,,,,,,,,,,,"Scheduled: Email (04 Mar 2025)",569,
570,124443063,AskNom4(1000-5000),0,0,Scheduled,Email,,"2025-02-28 13:00","2025-02-28 13:00",,,,,,,,,,,,,,,,,,,,,,,,,,,,,,,,160,2,158,1,0,67,48,42.41,30.38,,,,,,,,,,,,,,,,,,,,,,,,,,,,,,,,,"Scheduled: Email (28 Feb 2025)",570,
571,124410069,AskNom3(200-1000),0,0,Scheduled,Email,,"2025-02-26 13:00","2025-02-26 13:00",,,,,,,,,,,,,,,,,,,,,,,,,,,,,,,,372,6,366,2,0,115,49,31.42,13.39,,,,,,,,,,,,,,,,,,,,,,,,,,,,,,,,,"Scheduled: Email (26 Feb 2025)",571,
572,124394804,AskNom2(51-201),0,0,Scheduled,Email,,"2025-02-25 14:00","2025-02-25 14:00",,,,,,,,,,,,,,,,,,,,,,,,,,,,,,,,576,5,571,5,1,157,69,27.5,12.08,,,,,,,,,,,,,,,,,,,,,,,,,,,,,,,,,"Scheduled: Email (25 Feb 2025)",572,
573,124379075,AskNom1(all-pol),0,0,Scheduled,Email,,"2025-02-24 15:00","2025-02-24 15:00",,,,,,,,,,,,,,,,,,,,,,,,,,,,,,,,546,41,505,0,0,84,33,16.63,6.53,,,,,,,,,,,,,,,,,,,,,,,,,,,,,,,,,"Scheduled: Email (24 Feb 2025)",573,
574,124306856,CRM:ValentineDay/130FS/Reminder2,0,0,Scheduled,Email,,"2025-02-21 07:00","2025-02-21 07:00",,,,,,,,,,,,,,,,,,,,,,,,,,,,,,,,89,0,89,0,0,51,19,57.3,21.35,,,,,,,,,,,,,,,,,,,,,,,,,,,,,,,,,"Scheduled: Email (21 Feb 2025)",574,
575,124306817,CRM:ValentineDay/80FS/Reminder2,0,0,Scheduled,Email,,"2025-02-21 07:00","2025-02-21 07:00",,,,,,,,,,,,,,,,,,,,,,,,,,,,,,,,128,1,127,0,0,45,22,35.43,17.32,,,,,,,,,,,,,,,,,,,,,,,,,,,,,,,,,"Scheduled: Email (21 Feb 2025)",575,
576,124306793,CRM:ValentineDay/50FS/Reminder2,0,0,Scheduled,Email,,"2025-02-21 07:00","2025-02-21 07:00",,,,,,,,,,,,,,,,,,,,,,,,,,,,,,,,253,5,248,1,0,119,48,47.98,19.35,,,,,,,,,,,,,,,,,,,,,,,,,,,,,,,,,"Scheduled: Email (21 Feb 2025)",576,
577,124312890,"AskNom1(DE,IE,NO,FI,CZ,SE)",0,0,Scheduled,Email,,"2025-02-20 13:00","2025-02-20 13:00",,,,,,,,,,,,,,,,,,,,,,,,,,,,,,,,331,4,327,3,0,109,26,33.33,7.95,,,,,,,,,,,,,,,,,,,,,,,,,,,,,,,,,"Scheduled: Email (20 Feb 2025)",577,
578,124293608,"AskNom1(BG,LT)",0,0,Scheduled,Email,,"2025-02-19 12:00","2025-02-19 12:00",,,,,,,,,,,,,,,,,,,,,,,,,,,,,,,,444,6,438,2,0,192,42,43.84,9.59,,,,,,,,,,,,,,,,,,,,,,,,,,,,,,,,,"Scheduled: Email (19 Feb 2025)",578,
579,124290362,"TrustpilotSendout (royspins.club)",0,0,Scheduled,Email,,"2025-02-19 09:00","2025-02-19 09:00",,,,,,,,,,,,,,,,,,,,,,,,,,,,,,,,69,0,69,0,0,33,14,47.83,20.29,,,,,,,,,,,,,,,,,,,,,,,,,,,,,,,,,"Scheduled: Email (19 Feb 2025)",579,
580,124261498,AskNom1(PT1),0,0,Scheduled,Email,,"2025-02-17 14:00","2025-02-17 14:00",,,,,,,,,,,,,,,,,,,,,,,,,,,,,,,,204,5,199,0,0,10,12,5.03,6.03,,,,,,,,,,,,,,,,,,,,,,,,,,,,,,,,,"Scheduled: Email (17 Feb 2025)",580,
581,124212954,AskNom1,0,0,Scheduled,Email,,"2025-02-14 13:00","2025-02-14 13:00",,,,,,,,,,,,,,,,,,,,,,,,,,,,,,,,789,26,763,0,0,191,53,25.03,6.95,,,,,,,,,,,,,,,,,,,,,,,,,,,,,,,,,"Scheduled: Email (14 Feb 2025)",581,
582,124175817,CRM:ValentineDay/130FS/Reminder,0,0,Scheduled,Email,,"2025-02-14 06:00","2025-02-14 06:00",,,,,,,,,,,,,,,,,,,,,,,,,,,,,,,,85,0,85,0,0,46,18,54.12,21.18,,,,,,,,,,,,,,,,,,,,,,,,,,,,,,,,,"Scheduled: Email (14 Feb 2025)",582,
583,124175811,CRM:ValentineDay/50FS/Reminder,0,0,Scheduled,Email,,"2025-02-14 06:00","2025-02-14 06:00",,,,,,,,,,,,,,,,,,,,,,,,,,,,,,,,238,3,235,2,0,127,45,54.04,19.15,,,,,,,,,,,,,,,,,,,,,,,,,,,,,,,,,"Scheduled: Email (14 Feb 2025)",583,
584,124175815,CRM:ValentineDay/80FS/Reminder,0,0,Scheduled,Email,,"2025-02-14 06:00","2025-02-14 06:00",,,,,,,,,,,,,,,,,,,,,,,,,,,,,,,,124,1,123,1,0,60,19,48.78,15.45,,,,,,,,,,,,,,,,,,,,,,,,,,,,,,,,,"Scheduled: Email (14 Feb 2025)",584,
585,124157205,"TrustpilotSendout (royspins.net)",0,0,Scheduled,Email,,"2025-02-11 10:00","2025-02-11 10:00",,,,,,,,,,,,,,,,,,,,,,,,,,,,,,,,98,1,97,1,0,24,15,24.74,15.46,,,,,,,,,,,,,,,,,,,,,,,,,,,,,,,,,"Scheduled: Email (11 Feb 2025)",585,
586,124094077,CRM:ValentineDay/130FS,0,0,Scheduled,Email,,"2025-02-10 07:00","2025-02-10 07:00",,,,,,,,,,,,,,,,,,,,,,,,,,,,,,,,89,0,89,0,0,50,17,56.18,19.1,,,,,,,,,,,,,,,,,,,,,,,,,,,,,,,,,"Scheduled: Email (10 Feb 2025)",586,
587,124094072,CRM:ValentineDay/80FS,0,0,Scheduled,Email,,"2025-02-10 07:00","2025-02-10 07:00",,,,,,,,,,,,,,,,,,,,,,,,,,,,,,,,134,2,132,0,0,60,26,45.45,19.7,,,,,,,,,,,,,,,,,,,,,,,,,,,,,,,,,"Scheduled: Email (10 Feb 2025)",587,
588,124094068,CRM:ValentineDay/50FS,0,0,Scheduled,Email,,"2025-02-10 07:00","2025-02-10 07:00",,,,,,,,,,,,,,,,,,,,,,,,,,,,,,,,268,7,261,2,0,122,53,46.74,20.31,,,,,,,,,,,,,,,,,,,,,,,,,,,,,,,,,"Scheduled: Email (10 Feb 2025)",588,
589,124060510,"TrustpilotSendout (royspins.lt)",0,0,Scheduled,Email,,"2025-02-05 13:00","2025-02-05 13:00",,,,,,,,,,,,,,,,,,,,,,,,,,,,,,,,101,3,98,0,0,37,5,37.76,5.1,,,,,,,,,,,,,,,,,,,,,,,,,,,,,,,,,"Scheduled: Email (05 Feb 2025)",589,
590,123948497,RStgWeekly(19-27),0,0,Scheduled,Email,,"2025-01-29 12:00","2025-01-29 12:00",,,,,,,,,,,,,,,,,,,,,,,,,,,,,,,,147,15,132,1,0,55,30,41.67,22.73,,,,,,,,,,,,,,,,,,,,,,,,,,,,,,,,,"Scheduled: Email (29 Jan 2025)",590,
591,123946178,"TrustpilotSendout (royspins.bet)",0,0,Scheduled,Email,,"2025-01-29 10:00","2025-01-29 10:00",,,,,,,,,,,,,,,,,,,,,,,,,,,,,,,,197,4,193,0,0,108,53,55.96,27.46,,,,,,,,,,,,,,,,,,,,,,,,,,,,,,,,,"Scheduled: Email (29 Jan 2025)",591,
592,123910770,CRM:ChNewYear/100FS,0,0,Scheduled,Email,,"2025-01-28 10:00","2025-01-28 10:00",,,,,,,,,,,,,,,,,,,,,,,,,,,,,,,,192,2,190,0,0,115,80,60.53,42.11,,,,,,,,,,,,,,,,,,,,,,,,,,,,,,,,,"Scheduled: Email (28 Jan 2025)",592,
593,123910759,CRM:ChNewYear/50FS,0,0,Scheduled,Email,,"2025-01-28 10:00","2025-01-28 10:00",,,,,,,,,,,,,,,,,,,,,,,,,,,,,,,,47,2,45,0,0,26,17,57.78,37.78,,,,,,,,,,,,,,,,,,,,,,,,,,,,,,,,,"Scheduled: Email (28 Jan 2025)",593,
594,123910755,CRM:ChNewYear/25FS,0,0,Scheduled,Email,,"2025-01-28 09:00","2025-01-28 09:00",,,,,,,,,,,,,,,,,,,,,,,,,,,,,,,,129,1,128,1,0,56,38,43.75,29.69,,,,,,,,,,,,,,,,,,,,,,,,,,,,,,,,,"Scheduled: Email (28 Jan 2025)",594,
595,123821208,RStgJan,0,0,Scheduled,Email,,"2025-01-21 12:00","2025-01-21 12:00",,,,,,,,,,,,,,,,,,,,,,,,,,,,,,,,354,52,302,0,0,120,64,39.74,21.19,,,,,,,,,,,,,,,,,,,,,,,,,,,,,,,,,"Scheduled: Email (21 Jan 2025)",595,
596,123817764,"TrustpilotSendout (royspins.co)",0,0,Scheduled,Email,,"2025-01-21 10:00","2025-01-21 10:00",,,,,,,,,,,,,,,,,,,,,,,,,,,,,,,,101,2,99,1,0,46,20,46.46,20.2,,,,,,,,,,,,,,,,,,,,,,,,,,,,,,,,,"Scheduled: Email (21 Jan 2025)",596,
597,123727517,"Trustpilot sendout (RS.xyz) (Second try)",0,0,Scheduled,Email,,"2025-01-15 12:00","2025-01-15 12:00",,,,,,,,,,,,,,,,,,,,,,,,,,,,,,,,51,3,48,0,0,24,9,50,18.75,,,,,,,,,,,,,,,,,,,,,,,,,,,,,,,,,"Scheduled: Email (15 Jan 2025)",597,
598,123694596,"Trustpilot sendout (RS.xyz)",0,0,Scheduled,Email,,"2025-01-13 12:00","2025-01-13 12:00",,,,,,,,,,,,,,,,,,,,,,,,,,,,,,,,50,2,48,0,0,14,9,29.17,18.75,,,,,,,,,,,,,,,,,,,,,,,,,,,,,,,,,"Scheduled: Email (13 Jan 2025)",598,
599,123532000,WeeklytgRS,0,0,Scheduled,Email,,"2025-01-03 11:00","2025-01-03 11:00",,,,,,,,,,,,,,,,,,,,,,,,,,,,,,,,421,55,366,0,0,30,41,8.2,11.2,,,,,,,,,,,,,,,,,,,,,,,,,,,,,,,,,"Scheduled: Email (03 Jan 2025)",599,
